{
    "exp_name": "fcn-L3-H512-tanh",
    "mode": "FCN",
    "num_layer": 3,
    "hidden_size": 512,
    "active_fn": "tanh",
    "num_layer_conv": 3,
    "hidden_size_conv": 5,
    "active_fn_conv": "sigmoid",
    "learning_rate": 0.001,
    "num_epochs": 100,
    "batch_size": 128,
    "loss": [
        1.9905815395857671,
        1.9068140434791974,
        1.873695842445354,
        1.8543066844306029,
        1.8367303128132735,
        1.828510225581391,
        1.8193470703061585,
        1.812025055556041,
        1.8028290692497702,
        1.796741899322061,
        1.7921741301446314,
        1.7874734014501352,
        1.7813157361486684,
        1.777226033418075,
        1.7717578319637366,
        1.7717330519805479,
        1.769280325116404,
        1.7696409743765127,
        1.7659495736631896,
        1.7678362692103666,
        1.7636135587911776,
        1.7598045625345176,
        1.758436693254944,
        1.758814045230446,
        1.7551328321856916,
        1.7549376112725728,
        1.758634938303467,
        1.752519844742992,
        1.7540041735714964,
        1.7464482921468631,
        1.7439131001987116,
        1.7508382855168998,
        1.7448582469349931,
        1.7425009164663836,
        1.746528898663533,
        1.7415990274580544,
        1.7365723546508633,
        1.7425313245914782,
        1.7432443315110853,
        1.7385363862337664,
        1.7408927426008922,
        1.7409523493798493,
        1.7433703043271818,
        1.7399682120593918,
        1.7332705856893984,
        1.737196537234899,
        1.737198963494557,
        1.7316687997344815,
        1.7331487144655584,
        1.7326015490095328,
        1.7352470994910316,
        1.7331136769955726,
        1.7326402566621981,
        1.732854841920116,
        1.7324340444086763,
        1.7289636964383333,
        1.7292029912514455,
        1.732013848126697,
        1.7290713253533443,
        1.7283178186782486,
        1.732569648481696,
        1.729931791420178,
        1.730265498466199,
        1.7309935410004442,
        1.7301443583520173,
        1.7298388014669004,
        1.7288559184354895,
        1.7267426520662235,
        1.727218176397826,
        1.7274587175730245,
        1.7273395991386356,
        1.727715187975208,
        1.7243152966584696,
        1.7253049078499874,
        1.726084088120619,
        1.7235301461671015,
        1.7171821332038821,
        1.7257615099172763,
        1.7257446389064155,
        1.7266277468113034,
        1.720659065734395,
        1.7239681915249057,
        1.7200344578384439,
        1.7253414337592357,
        1.7213665743922943,
        1.7224123212687499,
        1.720724105530078,
        1.7187819679070007,
        1.7190494924555044,
        1.7207325026202385,
        1.7225876796580946,
        1.7206157442858763,
        1.7222067904289422,
        1.721771742681713,
        1.7219239887983904,
        1.72205410131713,
        1.725462220513912,
        1.721237047553977,
        1.716270819039601,
        1.7198875968718468
    ],
    "acc": [
        29.149999618530273,
        31.149999618530273,
        33.30999755859375,
        32.959999084472656,
        33.18000030517578,
        34.88999938964844,
        33.29999923706055,
        34.97999954223633,
        34.93000030517578,
        34.25,
        34.349998474121094,
        35.14999771118164,
        36.029998779296875,
        34.369998931884766,
        34.70000076293945,
        34.790000915527344,
        34.439998626708984,
        34.93000030517578,
        34.61000061035156,
        34.68000030517578,
        34.73999786376953,
        34.31999969482422,
        35.14999771118164,
        36.02000045776367,
        34.70000076293945,
        35.290000915527344,
        33.7599983215332,
        34.52000045776367,
        34.939998626708984,
        36.34000015258789,
        35.86000061035156,
        34.40999984741211,
        34.90999984741211,
        36.290000915527344,
        35.0,
        36.84000015258789,
        35.869998931884766,
        36.04999923706055,
        36.12999725341797,
        35.43000030517578,
        36.0,
        36.279998779296875,
        36.18000030517578,
        36.02000045776367,
        35.52000045776367,
        36.64999771118164,
        36.32999801635742,
        36.5099983215332,
        36.439998626708984,
        35.599998474121094,
        34.73999786376953,
        36.56999969482422,
        35.709999084472656,
        36.16999816894531,
        36.25,
        35.099998474121094,
        36.349998474121094,
        36.599998474121094,
        36.22999954223633,
        35.099998474121094,
        36.13999938964844,
        35.61000061035156,
        36.349998474121094,
        35.689998626708984,
        36.37999725341797,
        36.09000015258789,
        35.73999786376953,
        37.41999816894531,
        36.48999786376953,
        35.93000030517578,
        35.95000076293945,
        34.90999984741211,
        34.619998931884766,
        36.31999969482422,
        36.47999954223633,
        35.02000045776367,
        35.72999954223633,
        36.20000076293945,
        35.97999954223633,
        36.90999984741211,
        36.27000045776367,
        36.22999954223633,
        36.31999969482422,
        36.05999755859375,
        36.369998931884766,
        36.20000076293945,
        36.5099983215332,
        36.96999740600586,
        35.619998931884766,
        36.81999969482422,
        36.77000045776367,
        36.93000030517578,
        37.09000015258789,
        37.02000045776367,
        36.55999755859375,
        36.849998474121094,
        37.06999969482422,
        36.29999923706055,
        36.5099983215332,
        37.349998474121094
    ]
}