{
    "exp_name": "fcn-L7-H512-sigmoid",
    "mode": "FCN",
    "num_layer": 7,
    "hidden_size": 512,
    "active_fn": "sigmoid",
    "num_layer_conv": 3,
    "hidden_size_conv": 5,
    "active_fn_conv": "sigmoid",
    "learning_rate": 0.001,
    "num_epochs": 100,
    "batch_size": 128,
    "loss": [
        2.3044571028950878,
        2.302731638979119,
        2.302674549010099,
        2.3026461412229806,
        2.3026451619384845,
        2.3026371319275682,
        2.3026291775276593,
        2.3026246859899264,
        2.302624887212768,
        2.302621660939873,
        2.302614473625827,
        2.302620415797319,
        2.302611716872896,
        2.302622408513218,
        2.302617954171222,
        2.302614816314424,
        2.3026176011165997,
        2.302616396828381,
        2.3026149657071397,
        2.3026130016502515,
        2.3026175730673555,
        2.30261480899723,
        2.3026143352089026,
        2.302614508992266,
        2.3026129418931656,
        2.3026131345792806,
        2.302612924209946,
        2.302616284021636,
        2.302616479756582,
        2.302618138320611,
        2.3026139620319963,
        2.3026172145248376,
        2.3026125729846223,
        2.3026128931118706,
        2.3026118888269607,
        2.3026160120659167,
        2.302614141303255,
        2.302613189458237,
        2.302617125498974,
        2.30261507119669,
        2.302613332143525,
        2.302611841874964,
        2.302615849868111,
        2.30261964322356,
        2.30261489375473,
        2.3026193115107545,
        2.3026162486551973,
        2.3026151047338304,
        2.3026192365095133,
        2.3026131668968883,
        2.302610355265,
        2.3026115918708276,
        2.302613629099658,
        2.3026160827987945,
        2.302616404145575,
        2.3026200035953766,
        2.3026125577404675,
        2.3026150236349276,
        2.3026192791931464,
        2.302617207817409,
        2.3026145504563664,
        2.302613064456169,
        2.302616743785341,
        2.302613789468165,
        2.3026172505010423,
        2.3026165718312765,
        2.302611763824892,
        2.3026136870274456,
        2.3026134242182192,
        2.3026142400853775,
        2.302611824191745,
        2.302614838266007,
        2.3026148559492263,
        2.3026171011083267,
        2.302610557097608,
        2.3026141425227875,
        2.3026137315403776,
        2.3026112821096043,
        2.302614590700935,
        2.3026157364516,
        2.302615892551744,
        2.3026195889543692,
        2.3026146443603595,
        2.3026134321451797,
        2.302614401673417,
        2.302615549863147,
        2.302613409583831,
        2.302617972464208,
        2.3026161413363484,
        2.3026162388989384,
        2.3026124662755394,
        2.302612289443345,
        2.302615984016672,
        2.3026127193285073,
        2.302615494374424,
        2.3026186505242077,
        2.3026162529235608,
        2.3026197456642796,
        2.302612466885306,
        2.3026157370613665
    ],
    "acc": [
        10.0,
        10.0,
        10.0,
        10.0,
        10.0,
        10.0,
        10.0,
        10.0,
        10.0,
        10.0,
        10.0,
        10.0,
        10.0,
        10.0,
        10.0,
        10.0,
        10.0,
        10.0,
        10.0,
        10.0,
        10.0,
        10.0,
        10.0,
        10.0,
        10.0,
        10.0,
        10.0,
        10.0,
        10.0,
        10.0,
        10.0,
        10.0,
        10.0,
        10.0,
        10.0,
        10.0,
        10.0,
        10.0,
        10.0,
        10.0,
        10.0,
        10.0,
        10.0,
        10.0,
        10.0,
        10.0,
        10.0,
        10.0,
        10.0,
        10.0,
        10.0,
        10.0,
        10.0,
        10.0,
        10.0,
        10.0,
        10.0,
        10.0,
        10.0,
        10.0,
        10.0,
        10.0,
        10.0,
        10.0,
        10.0,
        10.0,
        10.0,
        10.0,
        10.0,
        10.0,
        10.0,
        10.0,
        10.0,
        10.0,
        10.0,
        10.0,
        10.0,
        10.0,
        10.0,
        10.0,
        10.0,
        10.0,
        10.0,
        10.0,
        10.0,
        10.0,
        10.0,
        10.0,
        10.0,
        10.0,
        10.0,
        10.0,
        10.0,
        10.0,
        10.0,
        10.0,
        10.0,
        10.0,
        10.0,
        10.0
    ]
}