{
    "exp_name": "fcn-L3-H64-sigmoid",
    "mode": "FCN",
    "num_layer": 3,
    "hidden_size": 64,
    "active_fn": "sigmoid",
    "num_layer_conv": 3,
    "hidden_size_conv": 5,
    "active_fn_conv": "sigmoid",
    "learning_rate": 0.001,
    "num_epochs": 100,
    "batch_size": 128,
    "loss": [
        2.1670637947823996,
        2.0986801986499213,
        2.0734457798930994,
        2.0603606264914394,
        2.0504593577836174,
        2.0429277029793584,
        2.03698394487581,
        2.0317976499152612,
        2.0244108843986335,
        2.01661837527819,
        2.012603003655553,
        2.010697116632291,
        2.0052953187157128,
        2.002868997776295,
        1.9998701548637332,
        1.9964989676804799,
        1.9933810862128998,
        1.9917554602293712,
        1.9882899565465004,
        1.987284681681172,
        1.9850796265980166,
        1.9831869425371176,
        1.9796948530484952,
        1.9769937766482457,
        1.9770647089194764,
        1.9745820324744106,
        1.9729044400822475,
        1.97267021547498,
        1.9722083511254977,
        1.9732532333535002,
        1.970133264351379,
        1.9681010252374518,
        1.9676302650090678,
        1.9690834341756522,
        1.9674754429351338,
        1.9644224802246484,
        1.9642299806980221,
        1.9655047838035447,
        1.9618079854399346,
        1.9636216441078869,
        1.9609475236414644,
        1.9606897660228602,
        1.95922211338492,
        1.9582838670676932,
        1.9599814927181625,
        1.9590516535522382,
        1.953839597799589,
        1.95760117558872,
        1.955868699056718,
        1.957041158700538,
        1.9540026956202123,
        1.9521843713262808,
        1.9513929027425663,
        1.9549397980160725,
        1.9528549903494012,
        1.9545312034504494,
        1.9535350729437435,
        1.9507795819236189,
        1.9486254642686576,
        1.949973147238612,
        1.9506733106530232,
        1.948025906482316,
        1.9516947665787718,
        1.9478760427221313,
        1.9471336292183918,
        1.9459985781203755,
        1.946376874318818,
        1.9475788451216716,
        1.9431106733239216,
        1.9443701118459482,
        1.9467770806358904,
        1.9409573422673414,
        1.9441501207058998,
        1.9440137818646248,
        1.9438433134952164,
        1.9444666067352685,
        1.943551357749783,
        1.9418662350500941,
        1.9441491228235348,
        1.9401028827023323,
        1.9426392761947553,
        1.9413515085454487,
        1.9387019848274758,
        1.9421544471360228,
        1.9406942699266516,
        1.9399404583684623,
        1.9391707544741423,
        1.939477563209241,
        1.940001740480018,
        1.9386778304643948,
        1.9383161351503924,
        1.9394287627066493,
        1.938235742051888,
        1.9386155388849167,
        1.9374486238450346,
        1.9378689750076254,
        1.937360353482044,
        1.9349334294838674,
        1.9337449150012278,
        1.9362828670560246
    ],
    "acc": [
        24.209999084472656,
        25.989999771118164,
        26.689998626708984,
        27.349998474121094,
        27.809999465942383,
        28.079999923706055,
        29.869998931884766,
        30.079999923706055,
        30.31999969482422,
        30.3799991607666,
        31.3799991607666,
        31.420000076293945,
        31.06999969482422,
        31.549999237060547,
        31.78999900817871,
        31.389999389648438,
        31.60999870300293,
        32.72999954223633,
        32.119998931884766,
        32.11000061035156,
        32.90999984741211,
        32.40999984741211,
        32.290000915527344,
        32.13999938964844,
        32.43000030517578,
        32.04999923706055,
        33.21999740600586,
        33.0099983215332,
        31.899999618530273,
        32.34000015258789,
        33.02000045776367,
        32.86000061035156,
        33.529998779296875,
        32.38999938964844,
        32.96999740600586,
        33.39999771118164,
        33.29999923706055,
        33.599998474121094,
        32.70000076293945,
        34.04999923706055,
        33.40999984741211,
        32.80999755859375,
        32.209999084472656,
        33.290000915527344,
        32.93000030517578,
        33.5,
        33.15999984741211,
        33.82999801635742,
        34.25,
        33.89999771118164,
        33.36000061035156,
        33.599998474121094,
        33.88999938964844,
        33.14999771118164,
        34.189998626708984,
        34.47999954223633,
        33.95000076293945,
        33.93000030517578,
        33.97999954223633,
        33.459999084472656,
        33.59000015258789,
        33.97999954223633,
        34.66999816894531,
        33.62999725341797,
        34.09000015258789,
        34.25,
        34.43000030517578,
        34.540000915527344,
        33.70000076293945,
        34.619998931884766,
        34.71999740600586,
        34.189998626708984,
        34.15999984741211,
        33.959999084472656,
        34.290000915527344,
        34.709999084472656,
        34.40999984741211,
        35.14999771118164,
        34.279998779296875,
        34.52000045776367,
        34.71999740600586,
        34.73999786376953,
        34.70000076293945,
        34.75,
        34.54999923706055,
        34.209999084472656,
        33.77000045776367,
        35.02000045776367,
        35.32999801635742,
        34.57999801635742,
        35.5099983215332,
        35.57999801635742,
        35.39999771118164,
        35.06999969482422,
        35.0099983215332,
        34.84000015258789,
        35.07999801635742,
        35.18000030517578,
        35.05999755859375,
        35.20000076293945
    ]
}