{
    "exp_name": "fcn-L5-H512-sigmoid",
    "mode": "FCN",
    "num_layer": 5,
    "hidden_size": 512,
    "active_fn": "sigmoid",
    "num_layer_conv": 3,
    "hidden_size_conv": 5,
    "active_fn_conv": "sigmoid",
    "learning_rate": 0.001,
    "num_epochs": 100,
    "batch_size": 128,
    "loss": [
        2.2663272421073426,
        2.1497806368581474,
        2.1311080711881827,
        2.1220029095554596,
        2.116355922825806,
        2.113545523884961,
        2.1100602003619495,
        2.107048863340217,
        2.1059422072242286,
        2.102791830097013,
        2.1004924518068124,
        2.1005519082784043,
        2.099655651985227,
        2.099693038579448,
        2.095242422255104,
        2.0954444963303978,
        2.0957269900290254,
        2.0941183737781652,
        2.0927045339208736,
        2.09420509228621,
        2.0932506021026454,
        2.092049029172229,
        2.0911642614837804,
        2.089860097221706,
        2.0903856577470785,
        2.0901105470974426,
        2.087870097831082,
        2.090460657768542,
        2.086867944663748,
        2.086680703760718,
        2.08312300160108,
        2.0861816186734172,
        2.0840972335747137,
        2.084033837403788,
        2.082568085102169,
        2.0812083738844107,
        2.0792883058338214,
        2.077445238447555,
        2.076803804968324,
        2.072831505704719,
        2.0729863213761077,
        2.0723126257776907,
        2.066130952761911,
        2.0652984020959995,
        2.0626510893902203,
        2.066130529584177,
        2.0605170665799504,
        2.0602905905765034,
        2.058490827870186,
        2.056925863256235,
        2.0555381143794342,
        2.0559999589115154,
        2.0537373891571904,
        2.054549816624283,
        2.0534373305337814,
        2.0561059896293505,
        2.052190564782418,
        2.050412149990306,
        2.050798213085555,
        2.0493699641483825,
        2.0483975120822486,
        2.0479282415126594,
        2.0483237565935726,
        2.0477008657992037,
        2.044877780977722,
        2.0455639106233408,
        2.0469491908617337,
        2.0468819101753137,
        2.0429275657819663,
        2.0487916951289264,
        2.044177601099624,
        2.0454105617445144,
        2.045277330881494,
        2.043359771104115,
        2.043488606467576,
        2.04151270639561,
        2.0406384532104065,
        2.0439933715269083,
        2.0411497537437304,
        2.0404528629444445,
        2.042744299639826,
        2.0399386641924337,
        2.0402244954462856,
        2.0396506466219186,
        2.041227466310077,
        2.040658626410053,
        2.0401793020155727,
        2.0393066122708725,
        2.0399642880920252,
        2.039838949432763,
        2.0404149028651246,
        2.0378183132547245,
        2.0354871569996904,
        2.0402144102184363,
        2.036026156771823,
        2.0367431887580305,
        2.0371350796936114,
        2.0362649552352594,
        2.0346247232173713,
        2.0354007220329224
    ],
    "acc": [
        15.629999160766602,
        17.239999771118164,
        16.06999969482422,
        15.449999809265137,
        15.989999771118164,
        15.1899995803833,
        15.489999771118164,
        15.929999351501465,
        14.460000038146973,
        15.989999771118164,
        15.420000076293945,
        16.100000381469727,
        17.049999237060547,
        15.1899995803833,
        15.239999771118164,
        15.869999885559082,
        15.089999198913574,
        15.489999771118164,
        15.949999809265137,
        15.719999313354492,
        15.779999732971191,
        14.869999885559082,
        16.170000076293945,
        15.899999618530273,
        15.889999389648438,
        16.09000015258789,
        15.40999984741211,
        15.699999809265137,
        15.339999198913574,
        15.90999984741211,
        15.859999656677246,
        15.039999961853027,
        15.379999160766602,
        14.569999694824219,
        15.50999927520752,
        14.929999351501465,
        16.85999870300293,
        17.270000457763672,
        16.5,
        20.170000076293945,
        19.489999771118164,
        18.529998779296875,
        19.489999771118164,
        19.869998931884766,
        23.329999923706055,
        20.6299991607666,
        18.869998931884766,
        18.479999542236328,
        21.85999870300293,
        20.94999885559082,
        20.44999885559082,
        20.149999618530273,
        18.8799991607666,
        17.049999237060547,
        18.969999313354492,
        22.100000381469727,
        20.350000381469727,
        21.170000076293945,
        22.139999389648438,
        21.279998779296875,
        22.59000015258789,
        22.1299991607666,
        20.28999900817871,
        20.59000015258789,
        20.09000015258789,
        21.15999984741211,
        22.06999969482422,
        20.28999900817871,
        20.65999984741211,
        20.6299991607666,
        23.03999900817871,
        22.439998626708984,
        20.689998626708984,
        20.209999084472656,
        21.529998779296875,
        20.149999618530273,
        18.770000457763672,
        21.75,
        20.529998779296875,
        20.10999870300293,
        23.729999542236328,
        21.189998626708984,
        21.85999870300293,
        21.43000030517578,
        21.229999542236328,
        19.28999900817871,
        19.0,
        22.10999870300293,
        18.920000076293945,
        20.279998779296875,
        21.260000228881836,
        19.299999237060547,
        20.18000030517578,
        19.5,
        20.09000015258789,
        20.869998931884766,
        21.69999885559082,
        21.18000030517578,
        21.739999771118164,
        20.0
    ]
}