{
    "exp_name": "fcn-L7-H512-relu",
    "mode": "FCN",
    "num_layer": 7,
    "hidden_size": 512,
    "active_fn": "relu",
    "num_layer_conv": 3,
    "hidden_size_conv": 5,
    "active_fn_conv": "sigmoid",
    "learning_rate": 0.001,
    "num_epochs": 100,
    "batch_size": 128,
    "loss": [
        2.1411385767905,
        2.0827872240939715,
        2.058411388141115,
        2.038560559682529,
        2.026759010751534,
        2.018174207728842,
        2.0093151986446527,
        2.0019665468684242,
        1.9974873392173396,
        1.990797454743739,
        1.9858258416890489,
        1.9808328682199463,
        1.9779427975339963,
        1.9718241886714536,
        1.9697688339311448,
        1.9645049468330715,
        1.9618625037200617,
        1.961645728182,
        1.9577332704573336,
        1.9532081888764716,
        1.9543730794926129,
        1.9476815266987246,
        1.9454373636514024,
        1.9418583013822355,
        1.9400166971299349,
        1.9380820367647253,
        1.936149167892573,
        1.933678463596822,
        1.9310829782729868,
        1.9303533692494073,
        1.9253514776449374,
        1.9243342342888912,
        1.9234493303176996,
        1.9220487315331578,
        1.920522634635496,
        1.9174870493466898,
        1.9172478734379839,
        1.914001980096178,
        1.9115938887266857,
        1.914064929918255,
        1.9093217761315349,
        1.9111866993672402,
        1.9103388325942448,
        1.9077419905406434,
        1.9039353784697746,
        1.9066812522575984,
        1.9015330585372416,
        1.902213186254282,
        1.8996105099578038,
        1.8958515950176111,
        1.8975365241165356,
        1.89360688409537,
        1.8943431173139216,
        1.8940706493909403,
        1.893504382704225,
        1.890496194515082,
        1.889719097205745,
        1.888622068992966,
        1.8914234186987133,
        1.8833036721514924,
        1.8871791618864249,
        1.884654536271644,
        1.8839074220803693,
        1.8848863300460075,
        1.8815125775764057,
        1.8803050054613586,
        1.8783640763948641,
        1.8781940610817327,
        1.878604068170728,
        1.8770569383030962,
        1.876998893135344,
        1.8754300260177963,
        1.8721222661035446,
        1.8714996609846344,
        1.871203204859858,
        1.8708221125785651,
        1.8703874383131256,
        1.8720885368869127,
        1.8676190016519687,
        1.8664782001539264,
        1.8641147689746165,
        1.8647113309796814,
        1.8655808493304435,
        1.8657202745032737,
        1.8616485799974798,
        1.8618466412014973,
        1.864264801944918,
        1.859854677449102,
        1.8625625368884153,
        1.8606963340583664,
        1.8597057188868218,
        1.857184338752571,
        1.8555697818546344,
        1.8569447143608346,
        1.854894779832162,
        1.8565074882239028,
        1.8576229630833696,
        1.8524597453339327,
        1.8555680238987173,
        1.8542022095311939
    ],
    "acc": [
        27.53999900817871,
        29.619998931884766,
        28.170000076293945,
        30.34000015258789,
        30.899999618530273,
        29.25,
        31.10999870300293,
        31.469999313354492,
        30.85999870300293,
        32.55999755859375,
        31.869998931884766,
        32.02000045776367,
        31.799999237060547,
        32.02000045776367,
        32.34000015258789,
        32.66999816894531,
        32.89999771118164,
        32.47999954223633,
        33.05999755859375,
        31.989999771118164,
        32.779998779296875,
        32.70000076293945,
        33.709999084472656,
        32.86000061035156,
        31.76999855041504,
        32.630001068115234,
        32.619998931884766,
        33.79999923706055,
        33.14999771118164,
        32.61000061035156,
        33.189998626708984,
        33.46999740600586,
        33.98999786376953,
        33.81999969482422,
        33.56999969482422,
        33.06999969482422,
        33.38999938964844,
        32.959999084472656,
        32.90999984741211,
        33.540000915527344,
        33.619998931884766,
        32.98999786376953,
        33.72999954223633,
        32.66999816894531,
        33.540000915527344,
        32.869998931884766,
        33.20000076293945,
        34.07999801635742,
        34.02000045776367,
        33.56999969482422,
        34.119998931884766,
        33.64999771118164,
        33.30999755859375,
        34.25,
        33.22999954223633,
        33.75,
        34.48999786376953,
        34.29999923706055,
        34.5099983215332,
        33.34000015258789,
        33.45000076293945,
        34.2599983215332,
        35.20000076293945,
        34.22999954223633,
        34.37999725341797,
        34.30999755859375,
        33.97999954223633,
        34.20000076293945,
        34.36000061035156,
        34.540000915527344,
        34.72999954223633,
        34.40999984741211,
        35.07999801635742,
        34.5099983215332,
        34.59000015258789,
        33.689998626708984,
        34.59000015258789,
        35.11000061035156,
        34.97999954223633,
        34.46999740600586,
        34.959999084472656,
        34.06999969482422,
        34.66999816894531,
        34.29999923706055,
        34.540000915527344,
        34.65999984741211,
        35.32999801635742,
        33.619998931884766,
        35.12999725341797,
        34.75,
        34.7599983215332,
        34.32999801635742,
        35.06999969482422,
        34.47999954223633,
        34.7599983215332,
        34.61000061035156,
        34.21999740600586,
        34.64999771118164,
        34.43000030517578,
        34.65999984741211
    ]
}