{
    "exp_name": "fcn-L3-H128-sigmoid",
    "mode": "FCN",
    "num_layer": 3,
    "hidden_size": 128,
    "active_fn": "sigmoid",
    "num_layer_conv": 3,
    "hidden_size_conv": 5,
    "active_fn_conv": "sigmoid",
    "learning_rate": 0.001,
    "num_epochs": 100,
    "batch_size": 128,
    "loss": [
        2.1306084159694976,
        2.0639148816428223,
        2.0429702872205575,
        2.0276803680697975,
        2.016068801550609,
        2.0087256611460615,
        2.0009187828854222,
        1.994506196597653,
        1.9906685398057904,
        1.985909139713668,
        1.9827851392424014,
        1.9772089829530253,
        1.9784881714969644,
        1.974719710362232,
        1.9743227550135853,
        1.9694914570854753,
        1.9686721084672776,
        1.967797793695689,
        1.965479632167865,
        1.9615376245640124,
        1.961458901919977,
        1.9593265468202283,
        1.958028124726337,
        1.9582949565804524,
        1.9581864886271678,
        1.9552584368249644,
        1.9552955624392576,
        1.9524511912899554,
        1.9517838406135968,
        1.9513111580973086,
        1.9488591416107723,
        1.9477663829808345,
        1.948053906030972,
        1.9480710743028489,
        1.945671477281224,
        1.9469348588562987,
        1.9451637588193655,
        1.9435390249237685,
        1.943347389130946,
        1.9432995176071401,
        1.9412135208964043,
        1.9410764808240144,
        1.940078292966194,
        1.939222923630034,
        1.9350159628616879,
        1.9379980841561046,
        1.9378367116689073,
        1.9361004972701792,
        1.9372781310849787,
        1.9365293324146124,
        1.933671486956994,
        1.9344391060607207,
        1.9339504677926183,
        1.93264883009674,
        1.9317188860510317,
        1.930387069197262,
        1.9311854760055347,
        1.928969262506041,
        1.9270948674672705,
        1.9276301046771467,
        1.9269506199585507,
        1.928486535006472,
        1.9272798574184213,
        1.927579458412307,
        1.9262943414166152,
        1.9258136523654088,
        1.9237391790160743,
        1.9237361323193212,
        1.925030179645704,
        1.9246631516215136,
        1.92366110790721,
        1.9257852576882637,
        1.9236404255527975,
        1.9245891275308322,
        1.9215539422486445,
        1.919999527504377,
        1.9203870970269907,
        1.9187395377537173,
        1.919290748093744,
        1.9175132324018747,
        1.9187125507218148,
        1.9181479639409449,
        1.9185218728716722,
        1.9210851308329941,
        1.9191638816653005,
        1.915454984321009,
        1.9157945435980093,
        1.9153822386051382,
        1.916011110596035,
        1.916001936663752,
        1.9153050083638457,
        1.913657921354484,
        1.9153602059235049,
        1.9162900002716143,
        1.9143238259703301,
        1.9134689264590172,
        1.9140650097976255,
        1.9132295453639896,
        1.9119052588177459,
        1.9118161308186135
    ],
    "acc": [
        27.510000228881836,
        29.26999855041504,
        29.969999313354492,
        30.92999839782715,
        30.439998626708984,
        31.59000015258789,
        32.16999816894531,
        33.15999984741211,
        32.040000915527344,
        32.32999801635742,
        33.30999755859375,
        32.93000030517578,
        32.80999755859375,
        32.540000915527344,
        32.45000076293945,
        33.7599983215332,
        32.59000015258789,
        33.290000915527344,
        34.34000015258789,
        32.79999923706055,
        33.959999084472656,
        33.529998779296875,
        33.88999938964844,
        33.25,
        33.82999801635742,
        34.09000015258789,
        34.16999816894531,
        33.31999969482422,
        33.75,
        33.55999755859375,
        34.32999801635742,
        34.36000061035156,
        34.15999984741211,
        34.15999984741211,
        34.23999786376953,
        34.15999984741211,
        35.040000915527344,
        34.86000061035156,
        35.61000061035156,
        34.93000030517578,
        34.46999740600586,
        34.86000061035156,
        34.68000030517578,
        35.189998626708984,
        35.209999084472656,
        35.7599983215332,
        35.91999816894531,
        35.62999725341797,
        35.38999938964844,
        35.40999984741211,
        34.95000076293945,
        35.98999786376953,
        34.79999923706055,
        35.72999954223633,
        34.939998626708984,
        35.18000030517578,
        36.05999755859375,
        35.54999923706055,
        35.689998626708984,
        35.68000030517578,
        36.45000076293945,
        35.57999801635742,
        36.14999771118164,
        35.40999984741211,
        36.029998779296875,
        36.39999771118164,
        36.20000076293945,
        35.82999801635742,
        36.290000915527344,
        36.5099983215332,
        36.349998474121094,
        36.41999816894531,
        36.96999740600586,
        37.45000076293945,
        37.54999923706055,
        36.97999954223633,
        37.30999755859375,
        37.540000915527344,
        37.540000915527344,
        37.68000030517578,
        37.529998779296875,
        37.5,
        37.46999740600586,
        36.90999984741211,
        37.05999755859375,
        36.82999801635742,
        37.290000915527344,
        37.0,
        37.869998931884766,
        38.20000076293945,
        37.64999771118164,
        37.22999954223633,
        37.37999725341797,
        37.39999771118164,
        37.529998779296875,
        36.93000030517578,
        37.61000061035156,
        37.119998931884766,
        37.2599983215332,
        37.66999816894531
    ]
}