{
    "exp_name": "fcn-L7-H512-tanh",
    "mode": "FCN",
    "num_layer": 7,
    "hidden_size": 512,
    "active_fn": "tanh",
    "num_layer_conv": 3,
    "hidden_size_conv": 5,
    "active_fn_conv": "sigmoid",
    "learning_rate": 0.001,
    "num_epochs": 100,
    "batch_size": 128,
    "loss": [
        1.9653076006628363,
        1.9053537616949252,
        1.8965888166671518,
        1.8835190046778725,
        1.8721206157713595,
        1.865265707835517,
        1.8598200000460496,
        1.8544369743913032,
        1.8490961216904622,
        1.8474932033997362,
        1.8422382063877858,
        1.8336342728656272,
        1.8339691229183654,
        1.8277544908206482,
        1.8252206059063183,
        1.8168872853984004,
        1.8167443915706156,
        1.814084105784326,
        1.812364104763626,
        1.804301107021244,
        1.8025497996898563,
        1.798622320070291,
        1.7958214191524573,
        1.793028043359137,
        1.7892823996751204,
        1.7908970568795948,
        1.7847082462457136,
        1.7798427565933188,
        1.7787971728293182,
        1.7767787598587972,
        1.7733032166805414,
        1.7684296116499645,
        1.7684020194251213,
        1.7659447988890626,
        1.7673451519378311,
        1.7623344107966898,
        1.7589530569818013,
        1.7567152976989746,
        1.7540056781695628,
        1.7511446219880868,
        1.750337053442855,
        1.7503167845099175,
        1.7506825945261495,
        1.7450924239804984,
        1.7454694664996604,
        1.741825183639136,
        1.740838442007294,
        1.7396873933884798,
        1.737743779521464,
        1.735529651727213,
        1.7359267659199513,
        1.736642671058245,
        1.7307575645349216,
        1.7295206519953734,
        1.7277825174429227,
        1.7290561766270787,
        1.731477727670499,
        1.7263916980884875,
        1.7234126061124875,
        1.728206156769677,
        1.7258737495793102,
        1.724800510479666,
        1.7187279569523415,
        1.7251777392823984,
        1.7225413273667436,
        1.7224972327346997,
        1.7215293228168926,
        1.7199195681325614,
        1.7192016641807069,
        1.715352444697524,
        1.7178448228275074,
        1.713342276375617,
        1.7137234988419905,
        1.7144918344209872,
        1.7139641939831511,
        1.71095354996069,
        1.7147595086670897,
        1.7126715948514621,
        1.7143022739673819,
        1.7140060904080912,
        1.7111791793037863,
        1.7094960816376044,
        1.7071134010544213,
        1.7046125410767772,
        1.707721664472614,
        1.7080758602722832,
        1.7064621414979706,
        1.70307982852087,
        1.6991558300564662,
        1.7022099961405215,
        1.7034322316079493,
        1.703532582658636,
        1.6968348453111965,
        1.7007538564979572,
        1.703207883688495,
        1.7036755932566454,
        1.7007198763625395,
        1.6999350078880329,
        1.6996119388229096,
        1.6965986465858987
    ],
    "acc": [
        32.27000045776367,
        31.729999542236328,
        31.59000015258789,
        32.790000915527344,
        31.829999923706055,
        31.42999839782715,
        33.27000045776367,
        33.439998626708984,
        34.07999801635742,
        33.38999938964844,
        33.099998474121094,
        34.029998779296875,
        35.21999740600586,
        35.04999923706055,
        33.90999984741211,
        35.40999984741211,
        35.36000061035156,
        35.59000015258789,
        36.11000061035156,
        35.099998474121094,
        36.07999801635742,
        35.47999954223633,
        36.05999755859375,
        35.82999801635742,
        36.37999725341797,
        36.11000061035156,
        36.189998626708984,
        36.619998931884766,
        36.98999786376953,
        36.20000076293945,
        37.27000045776367,
        37.56999969482422,
        37.97999954223633,
        37.62999725341797,
        37.40999984741211,
        37.40999984741211,
        38.18000030517578,
        38.16999816894531,
        38.369998931884766,
        38.05999755859375,
        37.32999801635742,
        38.57999801635742,
        38.45000076293945,
        38.75,
        38.98999786376953,
        39.029998779296875,
        38.43000030517578,
        39.11000061035156,
        40.029998779296875,
        39.709999084472656,
        39.54999923706055,
        39.78999710083008,
        39.63999938964844,
        39.68000030517578,
        39.79999923706055,
        39.46999740600586,
        39.81999969482422,
        39.78999710083008,
        39.97999954223633,
        40.38999938964844,
        39.78999710083008,
        40.06999969482422,
        40.07999801635742,
        40.439998626708984,
        40.53999710083008,
        40.939998626708984,
        40.45000076293945,
        41.05999755859375,
        40.5099983215332,
        40.5,
        40.11000061035156,
        40.279998779296875,
        40.79999923706055,
        40.68000030517578,
        41.12999725341797,
        41.029998779296875,
        40.959999084472656,
        40.959999084472656,
        41.5099983215332,
        41.15999984741211,
        40.78999710083008,
        41.04999923706055,
        40.56999969482422,
        41.119998931884766,
        41.38999938964844,
        41.95000076293945,
        41.46999740600586,
        40.78999710083008,
        41.189998626708984,
        41.45000076293945,
        40.959999084472656,
        40.939998626708984,
        41.75,
        41.18000030517578,
        41.119998931884766,
        41.279998779296875,
        41.38999938964844,
        40.98999786376953,
        41.36000061035156,
        40.75
    ]
}