{
    "exp_name": "fcn-L3-H1024-sigmoid",
    "mode": "FCN",
    "num_layer": 3,
    "hidden_size": 1024,
    "active_fn": "sigmoid",
    "num_layer_conv": 3,
    "hidden_size_conv": 5,
    "active_fn_conv": "sigmoid",
    "learning_rate": 0.001,
    "num_epochs": 100,
    "batch_size": 128,
    "loss": [
        2.068897540916872,
        2.0023694084123576,
        1.9855248931118898,
        1.9747778091894086,
        1.968089271689315,
        1.9603359409610328,
        1.9565688630808955,
        1.9503069484935087,
        1.9471966930667457,
        1.9408778842452847,
        1.938639085311109,
        1.9349671916278732,
        1.9330565212937572,
        1.9294871033914864,
        1.9273531211306676,
        1.9273127866218158,
        1.9264132878969393,
        1.922047899812079,
        1.921135462153598,
        1.9191768452944353,
        1.918827612686645,
        1.917827622969742,
        1.9150181097142838,
        1.9133640826510652,
        1.9117126806312814,
        1.9088432041885297,
        1.9103253777984464,
        1.9068123666221832,
        1.907056304195043,
        1.9061186432533557,
        1.9040296721031598,
        1.903176289385237,
        1.9025301972923376,
        1.902317635238628,
        1.8991426729485201,
        1.8990891299894095,
        1.8989685069569542,
        1.8967110394211986,
        1.895927585909129,
        1.8962019715467682,
        1.8954954683933112,
        1.8944844580672282,
        1.8956488425774343,
        1.891526079238833,
        1.8919902143575955,
        1.8908923291184407,
        1.8904958609729776,
        1.8907858919914422,
        1.8894033462495146,
        1.8899553505051168,
        1.889309345608782,
        1.8857376447419072,
        1.8854560022768767,
        1.8862909959710163,
        1.88592537772625,
        1.8848154511293183,
        1.8858745579829301,
        1.8848702980734198,
        1.8839349847315523,
        1.8824422862523658,
        1.8822892831109674,
        1.8817209871223821,
        1.882698231036096,
        1.8825611412677619,
        1.8812083152249037,
        1.8788064404216873,
        1.879468958091248,
        1.8782870900600463,
        1.8785469754577597,
        1.8777623374748718,
        1.8753241562782346,
        1.8766615945664817,
        1.8775491568133653,
        1.8765761215058738,
        1.8748033394289139,
        1.877060453910047,
        1.8738683071892586,
        1.873369427593163,
        1.8729809784828244,
        1.8757325962681295,
        1.8744360748154427,
        1.8716743333870187,
        1.8722450791112601,
        1.8712312287991615,
        1.8716236462678446,
        1.8694538509144503,
        1.8711352101372332,
        1.8704033541252545,
        1.8703750356688829,
        1.8691934030074293,
        1.8703987290487265,
        1.869642555561212,
        1.868410189133471,
        1.8666160042633486,
        1.8679782264982647,
        1.868079381830552,
        1.8666159024323954,
        1.86560685707785,
        1.865258347042991,
        1.8665929358938467
    ],
    "acc": [
        31.469999313354492,
        34.45000076293945,
        34.689998626708984,
        35.369998931884766,
        35.93000030517578,
        36.55999755859375,
        37.18000030517578,
        36.47999954223633,
        37.459999084472656,
        38.82999801635742,
        37.80999755859375,
        38.41999816894531,
        37.97999954223633,
        37.71999740600586,
        38.7599983215332,
        39.02000045776367,
        40.14999771118164,
        39.13999938964844,
        40.56999969482422,
        40.05999755859375,
        39.279998779296875,
        40.87999725341797,
        40.46999740600586,
        40.7599983215332,
        41.38999938964844,
        41.029998779296875,
        40.75,
        41.32999801635742,
        41.369998931884766,
        42.54999923706055,
        40.709999084472656,
        42.06999969482422,
        42.20000076293945,
        41.54999923706055,
        41.46999740600586,
        41.0099983215332,
        42.07999801635742,
        42.91999816894531,
        41.72999954223633,
        42.21999740600586,
        43.16999816894531,
        42.0099983215332,
        42.98999786376953,
        41.89999771118164,
        43.03999710083008,
        43.369998931884766,
        42.61000061035156,
        43.82999801635742,
        43.2599983215332,
        43.619998931884766,
        42.95000076293945,
        43.32999801635742,
        43.5,
        42.93000030517578,
        43.459999084472656,
        44.12999725341797,
        43.47999954223633,
        42.36000061035156,
        43.0099983215332,
        43.279998779296875,
        43.95000076293945,
        43.91999816894531,
        43.98999786376953,
        43.84000015258789,
        44.18000030517578,
        44.14999771118164,
        44.2599983215332,
        44.48999786376953,
        42.64999771118164,
        43.80999755859375,
        44.06999969482422,
        43.52000045776367,
        44.779998779296875,
        44.29999923706055,
        44.369998931884766,
        43.62999725341797,
        44.37999725341797,
        43.02000045776367,
        43.18000030517578,
        43.939998626708984,
        43.56999969482422,
        44.30999755859375,
        44.63999938964844,
        44.55999755859375,
        43.39999771118164,
        44.40999984741211,
        44.38999938964844,
        44.529998779296875,
        44.14999771118164,
        44.71999740600586,
        44.25,
        44.02000045776367,
        44.53999710083008,
        44.81999969482422,
        44.619998931884766,
        44.78999710083008,
        44.95000076293945,
        44.06999969482422,
        44.959999084472656,
        45.61000061035156
    ]
}