{
    "exp_name": "fcn-L3-H256-sigmoid",
    "mode": "FCN",
    "num_layer": 3,
    "hidden_size": 256,
    "active_fn": "sigmoid",
    "num_layer_conv": 3,
    "hidden_size_conv": 5,
    "active_fn_conv": "sigmoid",
    "learning_rate": 0.001,
    "num_epochs": 100,
    "batch_size": 128,
    "loss": [
        2.1074817924548293,
        2.042999003854249,
        2.014558029296758,
        2.0011697608186765,
        1.9917894178034399,
        1.9844726882017483,
        1.978741103425965,
        1.9747910612379498,
        1.9715552015987503,
        1.9667551718709413,
        1.9641680055871948,
        1.9601632317008875,
        1.9564603405535375,
        1.9577059526272746,
        1.953536669311621,
        1.9525249324491263,
        1.9489014276763057,
        1.9488452715642006,
        1.9449178599335653,
        1.9417182890045674,
        1.9407847726436527,
        1.9378832758540083,
        1.9377400445206392,
        1.9390916278600083,
        1.9365637531061002,
        1.935918519563992,
        1.935100262732152,
        1.9336728348451502,
        1.9298567201780237,
        1.9285532071462372,
        1.927980602854658,
        1.9285325141209166,
        1.9282685631071514,
        1.9274867748665383,
        1.9263876170453513,
        1.9253310794415681,
        1.9230089654093203,
        1.9196870775173998,
        1.9177819435553782,
        1.919857166917123,
        1.9189010407308789,
        1.918167764573451,
        1.917283834703743,
        1.9156964090474122,
        1.9156199788193569,
        1.916480616230489,
        1.9148202195496815,
        1.9138094613619168,
        1.9117032374872271,
        1.9118061154089925,
        1.9098692812273264,
        1.9092024153150866,
        1.908373416232331,
        1.9112989115897956,
        1.9094423052599974,
        1.9089065149921896,
        1.9071897612813185,
        1.905678721035228,
        1.9067971056989392,
        1.9046112957512935,
        1.906203755332381,
        1.9048055129892685,
        1.9031612918809857,
        1.9031271638772678,
        1.9037309211233389,
        1.9015795394892583,
        1.8998841821690045,
        1.8989714405420797,
        1.90176866792352,
        1.9017941473085251,
        1.9008561198973595,
        1.9001471429224819,
        1.8983130147085165,
        1.8986696571950108,
        1.8975974278681724,
        1.8970770378551824,
        1.8965130632795641,
        1.8972908209656816,
        1.8973488393037214,
        1.8959606794445105,
        1.8982991592963334,
        1.895267999690512,
        1.8944896130305726,
        1.894830676295873,
        1.8953549233848785,
        1.895191401166989,
        1.8942074144587797,
        1.8929557699681547,
        1.8912064269985385,
        1.893061501595675,
        1.8920547721331076,
        1.8919016311845511,
        1.88994354177314,
        1.8895425854436576,
        1.8907477056888669,
        1.8917546214350045,
        1.890644262208963,
        1.8897001856123394,
        1.8885920169713246,
        1.8895237619614662
    ],
    "acc": [
        28.17999839782715,
        31.529998779296875,
        31.53999900817871,
        32.31999969482422,
        33.57999801635742,
        32.86000061035156,
        33.869998931884766,
        33.40999984741211,
        34.040000915527344,
        34.439998626708984,
        34.64999771118164,
        34.82999801635742,
        34.790000915527344,
        34.619998931884766,
        34.07999801635742,
        34.70000076293945,
        35.38999938964844,
        34.61000061035156,
        35.56999969482422,
        35.47999954223633,
        35.15999984741211,
        35.189998626708984,
        35.15999984741211,
        35.849998474121094,
        36.369998931884766,
        36.23999786376953,
        36.93000030517578,
        36.349998474121094,
        36.21999740600586,
        35.70000076293945,
        35.86000061035156,
        36.18000030517578,
        36.81999969482422,
        36.66999816894531,
        36.93000030517578,
        36.099998474121094,
        37.0099983215332,
        37.39999771118164,
        37.29999923706055,
        37.65999984741211,
        37.45000076293945,
        37.34000015258789,
        37.41999816894531,
        37.59000015258789,
        38.98999786376953,
        38.06999969482422,
        38.43000030517578,
        38.36000061035156,
        38.5,
        39.28999710083008,
        38.599998474121094,
        39.21999740600586,
        38.91999816894531,
        38.52000045776367,
        39.0,
        39.55999755859375,
        38.040000915527344,
        39.23999786376953,
        39.779998779296875,
        38.62999725341797,
        39.72999954223633,
        38.96999740600586,
        39.61000061035156,
        39.0,
        39.98999786376953,
        38.54999923706055,
        38.5,
        38.64999771118164,
        39.939998626708984,
        39.91999816894531,
        39.93000030517578,
        40.14999771118164,
        39.72999954223633,
        40.02000045776367,
        40.15999984741211,
        39.80999755859375,
        40.349998474121094,
        40.16999816894531,
        39.31999969482422,
        40.04999923706055,
        39.869998931884766,
        40.81999969482422,
        40.71999740600586,
        40.23999786376953,
        39.86000061035156,
        40.15999984741211,
        39.91999816894531,
        40.30999755859375,
        40.30999755859375,
        40.40999984741211,
        40.439998626708984,
        40.65999984741211,
        40.279998779296875,
        40.48999786376953,
        41.21999740600586,
        40.63999938964844,
        41.32999801635742,
        39.77000045776367,
        41.38999938964844,
        40.23999786376953
    ]
}