{
    "exp_name": "fcn-L3-H512-relu",
    "mode": "FCN",
    "num_layer": 3,
    "hidden_size": 512,
    "active_fn": "relu",
    "num_layer_conv": 3,
    "hidden_size_conv": 5,
    "active_fn_conv": "sigmoid",
    "learning_rate": 0.001,
    "num_epochs": 100,
    "batch_size": 128,
    "loss": [
        1.9842049517594944,
        1.7658935385896726,
        1.6980491108296778,
        1.653349702315562,
        1.622364911276971,
        1.6022653311414792,
        1.5820025446469828,
        1.5673645118923138,
        1.5535357916141714,
        1.5387234809758412,
        1.5267569909010397,
        1.5228422944198179,
        1.5105090366909877,
        1.4997150849198442,
        1.4938358297128507,
        1.4820374070530962,
        1.4786250627864048,
        1.4713667432975281,
        1.4657923528910293,
        1.4594573605700831,
        1.4555679440803235,
        1.4518571967054206,
        1.4435371203190834,
        1.4388661421168492,
        1.43656863855279,
        1.4309303312350417,
        1.4251086504563042,
        1.4255626344924692,
        1.4240595077919533,
        1.414354548429894,
        1.4160358930182884,
        1.4131078494479283,
        1.4025371303338834,
        1.4027410349272706,
        1.3947689889946862,
        1.3946540590442356,
        1.3958958500181622,
        1.3934670897091137,
        1.388035780633502,
        1.38684737926249,
        1.383483572994047,
        1.3783198921271906,
        1.37683708832392,
        1.3742283311341426,
        1.3771309102587688,
        1.3727602324522366,
        1.3630542755126953,
        1.3660915827812137,
        1.3593564990841214,
        1.36165733776434,
        1.3629092295151537,
        1.3625553081102688,
        1.3529330690193664,
        1.3551606461215202,
        1.3562163913341434,
        1.3512581602081923,
        1.3489949413577613,
        1.344184711461177,
        1.3453502978205376,
        1.3396497492290214,
        1.2859326046141213,
        1.229251977122958,
        1.221067610604074,
        1.2132242416481838,
        1.2054570861484692,
        1.2035659272652453,
        1.2053839594811735,
        1.1985092778949786,
        1.2017607323044097,
        1.1957239110756408,
        1.1982290223431404,
        1.1934500685738176,
        1.1900104157760014,
        1.1911463473763917,
        1.185330473248611,
        1.1858129632442505,
        1.185893231798011,
        1.1752452016486536,
        1.180771200400789,
        1.1814859460686784,
        1.1792447129478845,
        1.1789693253119584,
        1.1737131240117886,
        1.1728533696945367,
        1.1704091127876126,
        1.173334504332384,
        1.1696733542720374,
        1.1688015079864151,
        1.1632074216747528,
        1.1621084905341459,
        1.1571564017354374,
        1.1646496318185422,
        1.1652388362323536,
        1.1606500299690325,
        1.1611753752469407,
        1.1598124127558735,
        1.1552547065498273,
        1.1610218897804885,
        1.1539918810815153,
        1.1491315643805677
    ],
    "acc": [
        38.779998779296875,
        38.57999801635742,
        40.28999710083008,
        42.27000045776367,
        40.369998931884766,
        42.28999710083008,
        43.53999710083008,
        43.64999771118164,
        44.31999969482422,
        45.349998474121094,
        44.22999954223633,
        45.07999801635742,
        46.37999725341797,
        42.349998474121094,
        44.81999969482422,
        43.15999984741211,
        43.65999984741211,
        43.87999725341797,
        44.43000030517578,
        44.5,
        43.72999954223633,
        46.029998779296875,
        46.369998931884766,
        45.11000061035156,
        46.98999786376953,
        43.599998474121094,
        46.16999816894531,
        45.439998626708984,
        47.05999755859375,
        45.25,
        45.46999740600586,
        43.939998626708984,
        46.19999694824219,
        46.189998626708984,
        47.19999694824219,
        46.779998779296875,
        46.37999725341797,
        46.72999954223633,
        46.57999801635742,
        46.029998779296875,
        46.75,
        45.94999694824219,
        47.59000015258789,
        46.529998779296875,
        45.20000076293945,
        46.529998779296875,
        46.869998931884766,
        46.57999801635742,
        46.14999771118164,
        44.90999984741211,
        47.5,
        46.91999816894531,
        47.11000061035156,
        45.87999725341797,
        45.80999755859375,
        47.13999938964844,
        47.21999740600586,
        44.78999710083008,
        47.619998931884766,
        46.439998626708984,
        44.75,
        48.279998779296875,
        47.91999816894531,
        48.07999801635742,
        47.89999771118164,
        48.30999755859375,
        49.38999938964844,
        46.77000045776367,
        49.349998474121094,
        49.54999923706055,
        47.7599983215332,
        48.619998931884766,
        49.02000045776367,
        48.2599983215332,
        50.40999984741211,
        49.79999923706055,
        49.369998931884766,
        50.09000015258789,
        49.32999801635742,
        48.71999740600586,
        47.0099983215332,
        49.59000015258789,
        48.37999725341797,
        48.14999771118164,
        47.65999984741211,
        47.5,
        49.71999740600586,
        48.11000061035156,
        49.25,
        48.07999801635742,
        49.25,
        47.18000030517578,
        50.53999710083008,
        48.28999710083008,
        48.98999786376953,
        48.869998931884766,
        49.98999786376953,
        49.25,
        49.279998779296875,
        49.22999954223633
    ]
}