{
    "exp_name": "fcn-L3-H512-sigmoid-b1024",
    "mode": "FCN",
    "num_layer": 3,
    "hidden_size": 512,
    "active_fn": "sigmoid",
    "num_layer_conv": 3,
    "hidden_size_conv": 5,
    "active_fn_conv": "sigmoid",
    "learning_rate": 0.001,
    "num_epochs": 100,
    "batch_size": 1024,
    "loss": [
        2.1436818862447935,
        2.0636554494196053,
        2.0289543015616283,
        2.003584144066791,
        1.9848682174877244,
        1.9727839474775353,
        1.9622468753736846,
        1.9556336451549918,
        1.9489233226192242,
        1.9434553506423016,
        1.9388074923534782,
        1.935973943496237,
        1.9333515945745974,
        1.9292586774242169,
        1.92702693598611,
        1.9236407279968262,
        1.9231038969390246,
        1.9184612765604137,
        1.9171069787473094,
        1.91283288050671,
        1.9157778486913564,
        1.9118435528813575,
        1.9094896121900908,
        1.9096510069710868,
        1.9061452588256524,
        1.9053231161467883,
        1.9018258269952268,
        1.9016385881268247,
        1.9005611113139562,
        1.8979543252867095,
        1.8955710931700103,
        1.8939754695308453,
        1.8950118750941998,
        1.8912890273697522,
        1.8929123099969358,
        1.8893366979092967,
        1.8873496201573585,
        1.888250995655449,
        1.885742372396041,
        1.8867640276344455,
        1.8851535587894672,
        1.8817605266765671,
        1.881154897261639,
        1.8814396906872184,
        1.8813803779835603,
        1.879309174965839,
        1.8763990207594268,
        1.8758215125726194,
        1.8757776192256383,
        1.8753351508354654,
        1.8783770240083033,
        1.8763607010549428,
        1.8719106304402253,
        1.873319414197182,
        1.8720956919144611,
        1.8699315640391136,
        1.8687597196929309,
        1.8694859791775138,
        1.8704046619181731,
        1.869561497046023,
        1.870493891287823,
        1.8670286791665214,
        1.8690840954683265,
        1.865817174619558,
        1.8646478896238365,
        1.8654556663668886,
        1.864487811010711,
        1.8632788341872546,
        1.8620225653356435,
        1.8643338631610482,
        1.8622752817309633,
        1.8604967594146729,
        1.8608345206902952,
        1.858504665141203,
        1.8589009946706343,
        1.859986096012349,
        1.8594657596276731,
        1.8572622683583473,
        1.856257978750735,
        1.8563007748856837,
        1.8556592464447021,
        1.8549292841736151,
        1.8560817290325553,
        1.8557644449934667,
        1.8538732261073834,
        1.8547370093209403,
        1.8532343664947821,
        1.8540631508340641,
        1.8521255060118071,
        1.8535974123040024,
        1.8519940278968032,
        1.8520290583980328,
        1.85114801659876,
        1.846927401970844,
        1.8510932095196782,
        1.8495451820139983,
        1.8481080434760269,
        1.851157149490045,
        1.848674718214541,
        1.8481504089978276
    ],
    "acc": [
        27.139999389648438,
        30.25,
        32.18000030517578,
        33.56999969482422,
        33.88999938964844,
        33.90999984741211,
        33.7599983215332,
        34.63999938964844,
        35.2599983215332,
        34.23999786376953,
        35.119998931884766,
        34.68000030517578,
        34.96999740600586,
        34.540000915527344,
        34.82999801635742,
        36.0099983215332,
        35.779998779296875,
        35.02000045776367,
        35.54999923706055,
        34.96999740600586,
        35.77000045776367,
        35.779998779296875,
        35.119998931884766,
        35.939998626708984,
        35.869998931884766,
        36.119998931884766,
        34.869998931884766,
        35.72999954223633,
        35.38999938964844,
        36.2599983215332,
        36.189998626708984,
        36.459999084472656,
        36.62999725341797,
        36.779998779296875,
        36.7599983215332,
        36.439998626708984,
        36.13999938964844,
        37.04999923706055,
        36.91999816894531,
        35.96999740600586,
        36.52000045776367,
        36.459999084472656,
        36.540000915527344,
        36.66999816894531,
        37.939998626708984,
        38.029998779296875,
        37.5099983215332,
        38.279998779296875,
        37.779998779296875,
        38.279998779296875,
        37.459999084472656,
        38.55999755859375,
        37.91999816894531,
        38.529998779296875,
        38.07999801635742,
        38.46999740600586,
        38.05999755859375,
        37.87999725341797,
        38.959999084472656,
        38.93000030517578,
        38.43000030517578,
        39.0099983215332,
        38.7599983215332,
        38.05999755859375,
        38.7599983215332,
        38.59000015258789,
        39.02000045776367,
        39.16999816894531,
        39.46999740600586,
        39.27000045776367,
        39.71999740600586,
        38.71999740600586,
        39.31999969482422,
        39.77000045776367,
        39.75,
        40.20000076293945,
        40.06999969482422,
        40.0099983215332,
        40.12999725341797,
        39.68000030517578,
        39.849998474121094,
        39.91999816894531,
        39.61000061035156,
        39.72999954223633,
        40.15999984741211,
        40.28999710083008,
        39.78999710083008,
        39.63999938964844,
        40.5099983215332,
        40.75,
        40.18000030517578,
        39.70000076293945,
        40.41999816894531,
        40.2599983215332,
        40.98999786376953,
        40.939998626708984,
        41.029998779296875,
        40.529998779296875,
        41.47999954223633,
        41.36000061035156
    ]
}