{
    "exp_name": "fcn-L3-H512-sigmoid-e200",
    "mode": "FCN",
    "num_layer": 3,
    "hidden_size": 512,
    "active_fn": "sigmoid",
    "num_layer_conv": 3,
    "hidden_size_conv": 5,
    "active_fn_conv": "sigmoid",
    "learning_rate": 0.001,
    "num_epochs": 200,
    "batch_size": 128,
    "loss": [
        2.0830907275914536,
        2.0171873563390865,
        1.9934132126591089,
        1.9852623899879358,
        1.9766169603523391,
        1.970441062432116,
        1.9635016546225,
        1.960150858935188,
        1.9596380400840583,
        1.9528582562570986,
        1.9520124709209823,
        1.9459195688862325,
        1.9459449516232972,
        1.9423107427099477,
        1.9400757124356907,
        1.937610922262187,
        1.9365585957036908,
        1.9348999600276313,
        1.930976188396249,
        1.931097404121438,
        1.927936645115123,
        1.9257089704503794,
        1.9235363165131005,
        1.9225045823685043,
        1.9236084213647087,
        1.9219248136291114,
        1.9195428665946512,
        1.9178786299112813,
        1.9188466565993132,
        1.9154985005898244,
        1.916021460157526,
        1.9151932720637992,
        1.9105667671584108,
        1.9108343301221842,
        1.9090445300807124,
        1.9093836747167054,
        1.9070139980072256,
        1.9046164037626419,
        1.9028745103065314,
        1.904123194687202,
        1.9050604821470998,
        1.904866758514853,
        1.9043709378108344,
        1.900488906504248,
        1.899929199377289,
        1.8985203766761838,
        1.9003618897684396,
        1.8990831683053995,
        1.8980792087057363,
        1.8971727232798896,
        1.8968923046155963,
        1.8944098178078146,
        1.8946902477527823,
        1.8949931216666767,
        1.8961245373386861,
        1.8919846456678933,
        1.8961077266946778,
        1.8915910229963415,
        1.8927680888139378,
        1.8909142148464233,
        1.8878608551781502,
        1.8898578324281345,
        1.8894930827953016,
        1.8878228240610693,
        1.8894213691087025,
        1.8884874533509355,
        1.8882822170281959,
        1.8879964382142362,
        1.8857776075982682,
        1.8848171011566202,
        1.8870774507522583,
        1.8842585733174668,
        1.885022188391527,
        1.8850774341227148,
        1.8836085640865823,
        1.8831674016040305,
        1.8825485630108572,
        1.881462430710073,
        1.882002334765461,
        1.8804041830170186,
        1.880228945971145,
        1.8807037202903376,
        1.8798363699632532,
        1.8796553108698266,
        1.8820559658357858,
        1.8783999931476916,
        1.878345496209381,
        1.8777394151443716,
        1.8761993103929797,
        1.875799650731294,
        1.8787661857922058,
        1.876768496640198,
        1.8774914409193542,
        1.8770552166282672,
        1.877310438534183,
        1.8760081621082239,
        1.8764572799053338,
        1.8759736679399106,
        1.873694528399221,
        1.8736292934783585,
        1.8736735871990624,
        1.8724003691807427,
        1.872281241599861,
        1.873028669210956,
        1.873845938831339,
        1.8707544608494204,
        1.8728400176138524,
        1.8715044162462435,
        1.8712129071545418,
        1.8715036589166392,
        1.8702075707028285,
        1.8687075416145422,
        1.870484595408525,
        1.8711221437624959,
        1.869748449081655,
        1.8693788841252437,
        1.8686560017373555,
        1.8677468891338924,
        1.8678751882079923,
        1.8665427384169206,
        1.8681249560602486,
        1.8692597458734537,
        1.8662747760562945,
        1.866462569712373,
        1.8674549907064804,
        1.8679250448256197,
        1.8660964203612578,
        1.8672148266716686,
        1.8686839723221176,
        1.8662735760364386,
        1.866674992434509,
        1.8637678391488313,
        1.8644063576408054,
        1.8640155481255574,
        1.8674163370181227,
        1.864960359795319,
        1.8640975842390524,
        1.8639892025676834,
        1.8640264922090808,
        1.862851821553067,
        1.862358991142429,
        1.8627164080319807,
        1.8617843276704364,
        1.860830453960487,
        1.8632862580096936,
        1.8639751005050775,
        1.862707041413583,
        1.8637111443082999,
        1.8614476004524914,
        1.8619100535312272,
        1.8615779696827959,
        1.8609335352392757,
        1.8586356094121324,
        1.8606817414388632,
        1.8604203636384071,
        1.860473476407473,
        1.8578985926440306,
        1.8584349024326294,
        1.8591476928852404,
        1.8592229496182688,
        1.8592438581959365,
        1.859524561011273,
        1.858443775140416,
        1.8574630372664507,
        1.8578157769444654,
        1.8568531043084382,
        1.8575121883846,
        1.8574983302284689,
        1.8581305751410286,
        1.8566950486444147,
        1.856660827041587,
        1.8562722218311047,
        1.854296600422286,
        1.8547122502875755,
        1.8570156853522182,
        1.8566187071373395,
        1.8546849266647378,
        1.8561289069597677,
        1.8547846481318364,
        1.8548705157111673,
        1.855824247040712,
        1.853846028027937,
        1.8537502282720697,
        1.8535699987655405,
        1.8539462461495948,
        1.8539728462848517,
        1.8533942132349819,
        1.8524518195930344,
        1.854495481761825,
        1.8545870418133943,
        1.851483696257062,
        1.852372032907003,
        1.854159625289995,
        1.8542112916936655,
        1.8523372609901916,
        1.852010913212281,
        1.8514175387599585,
        1.850946679139686,
        1.8513796140470773,
        1.8510800880544327
    ],