{
    "exp_name": "fcn-L3-H512-relu-e200",
    "mode": "FCN",
    "num_layer": 3,
    "hidden_size": 512,
    "active_fn": "relu",
    "num_layer_conv": 3,
    "hidden_size_conv": 5,
    "active_fn_conv": "sigmoid",
    "learning_rate": 0.001,
    "num_epochs": 200,
    "batch_size": 128,
    "loss": [
        2.2484693258924557,
        2.2133182028065557,
        2.1958304262527113,
        2.187394667769332,
        2.12570804189843,
        1.9131919734008478,
        1.8385595973495328,
        1.7999365189496208,
        1.7738079241169689,
        1.7650461568856788,
        1.7460796640961982,
        1.733331564137393,
        1.5687912422067978,
        1.4908885446655782,
        1.4621120691299438,
        1.4462388592302953,
        1.4285481226108874,
        1.4152465854459406,
        1.407027652196567,
        1.4027231779244855,
        1.3872359347770282,
        1.3786410666487712,
        1.3710882508236428,
        1.359762617846584,
        1.3555621015446266,
        1.352893512572169,
        1.350539666917318,
        1.3393881537420365,
        1.3368055524728488,
        1.332473886897192,
        1.3268936509671418,
        1.320654337668358,
        1.3146237012980235,
        1.3103012520333994,
        1.3117100107090554,
        1.3042308397000404,
        1.3028978304484922,
        1.299340730128081,
        1.2926712703826788,
        1.2900983613470327,
        1.2913584401235556,
        1.285448634411063,
        1.2843340110900763,
        1.2795805531694455,
        1.2738838509830368,
        1.2735203983228836,
        1.26822818209753,
        1.2699837373650593,
        1.2615085309728638,
        1.2618503245856145,
        1.2611684884561603,
        1.2607631043095113,
        1.2559122165755543,
        1.2575293104057117,
        1.2523836470625895,
        1.2498275201643825,
        1.250522642641726,
        1.2441828580158751,
        1.2453833050130274,
        1.2404358434250287,
        1.2419939910054512,
        1.2403252109542222,
        1.2291224126315787,
        1.2367789320018896,
        1.235654151653085,
        1.2359740035918059,
        1.226095178395586,
        1.2245792766361285,
        1.2248971285417563,
        1.2227062355831761,
        1.2208986604000296,
        1.2240420156122778,
        1.2142020123998831,
        1.2226232730824014,
        1.2096536208296675,
        1.2157333214264696,
        1.2131434049447785,
        1.21064383660436,
        1.2117681187741898,
        1.2084400440420946,
        1.2008184260114685,
        1.2057283787471254,
        1.2052579159321992,
        1.2096712849938962,
        1.1991181422377486,
        1.1943668492919648,
        1.2003928032677498,
        1.198133210239508,
        1.1935892399314725,
        1.192619295071458,
        1.1878950233044832,
        1.1907340297308724,
        1.1871435191015454,
        1.1885634351264485,
        1.185589251006046,
        1.1887095838861392,
        1.185749216457767,
        1.1873334277316432,
        1.183227120305571,
        1.1834085265083996,
        1.183133547720702,
        1.1821587168042311,
        1.1816497932919456,
        1.179954493747038,
        1.1789555976457913,
        1.1746048843464278,
        1.174514196565389,
        1.1760812808790475,
        1.1728640927378173,
        1.1699968826435412,
        1.1706136555013145,
        1.1683482132909242,
        1.1703528173439337,
        1.16715330693423,
        1.166491039268806,
        1.165108119282881,
        1.166946796047718,
        1.1629707430634657,
        1.1598259129792527,
        1.1618088701801836,
        1.1624785687612451,
        1.1624735473366954,
        1.159124800006447,
        1.156856506072042,
        1.161155321256584,
        1.1569787648022938,
        1.1553123036918738,
        1.1600952660641097,
        1.1540044149779298,
        1.1522535867703236,
        1.1572748579637473,
        1.1568847818447805,
        1.1500245238204136,
        1.1437902255436343,
        1.1472093891304778,
        1.149539383018718,
        1.1568985663716445,
        1.1461213269197117,
        1.1462757624018833,
        1.1473994454764345,
        1.1453281456552198,
        1.145461262491963,
        1.137318213120141,
        1.1418688245441602,
        1.1392186756634042,
        1.149408320484259,
        1.1426895984908199,
        1.1456400904509112,
        1.1393407072557513,
        1.1379898338366652,
        1.1358026894157196,
        1.137885778761276,
        1.143353453225187,
        1.140010013909596,
        1.132286954871224,
        1.1377727180490713,
        1.1371267901357178,
        1.133917887802319,
        1.1356508936113714,
        1.1349666639971916,
        1.1329857242076904,
        1.130302028887717,
        1.133625043017785,
        1.131351705249923,
        1.129191569964904,
        1.1294836161081747,
        1.1269723000123983,
        1.129968944412973,
        1.1273532189676523,
        1.1278295116046506,
        1.1268589952412773,
        1.1212243189287308,
        1.1216147293520096,
        1.126351177844855,
        1.1277773743090422,
        1.1254712648099037,
        1.1219299464579433,
        1.119877066301263,
        1.1214876052973521,
        1.1217479679895483,
        1.1204760688954911,
        1.1226078627054648,
        1.1196150400144669,
        1.1114658589863107,
        1.1150253462364605,
        1.1180531077677636,
        1.1171116848735858,
        1.1229930596278452,
        1.1154443864017496,
        1.1115178542063975,
        1.1152943287359174,
        1.1146415218977672,
        1.1120113820371116,
        1.1090577592325332,
        1.112604214407294,
        1.11610847010332,
        1.11144350724452,
        1.1013659909558113,
        1.1132168500014887,
        1.1150506596126215
    ],