{
    "exp_name": "fcn-L3-H512-sigmoid-b512",
    "mode": "FCN",
    "num_layer": 3,
    "hidden_size": 512,
    "active_fn": "sigmoid",
    "num_layer_conv": 3,
    "hidden_size_conv": 5,
    "active_fn_conv": "sigmoid",
    "learning_rate": 0.001,
    "num_epochs": 100,
    "batch_size": 512,
    "loss": [
        2.1202915858249276,
        2.0412504685168362,
        2.0071846635974184,
        1.9857749099634132,
        1.973401544045429,
        1.9630890549445639,
        1.955454446831528,
        1.9521171268151731,
        1.9475142006971398,
        1.9420055965988003,
        1.9376541072008562,
        1.9358399705011018,
        1.9329422018965896,
        1.9286263305313733,
        1.9291318046803376,
        1.9249978953478288,
        1.9252700221781829,
        1.921113253856192,
        1.9205131871359689,
        1.9172920146766974,
        1.9154863552171357,
        1.9114807491399803,
        1.9134967241968428,
        1.9088596750278861,
        1.9104493527996296,
        1.9060456059416946,
        1.9056212306022644,
        1.9032676706508713,
        1.9026858271384726,
        1.9017089094434465,
        1.898656045903965,
        1.8979074249462204,
        1.8965663058417184,
        1.8971939354526752,
        1.8943517195935151,
        1.8936659851852728,
        1.8939658743994576,
        1.8910069161531877,
        1.8885791946430595,
        1.8895876650907555,
        1.888458519565816,
        1.8872450213043057,
        1.8869017204459833,
        1.8851325560589225,
        1.8855253093096676,
        1.8825267966912718,
        1.8813735830540559,
        1.8804068577532866,
        1.8807576250056832,
        1.8791944250768544,
        1.8789086463500042,
        1.8776165003679237,
        1.8778312790150544,
        1.8782066045975199,
        1.8774532262159853,
        1.8754869529179163,
        1.87555146947199,
        1.874677447640166,
        1.8742306122974473,
        1.8741894206222223,
        1.874988808923838,
        1.8719771382760029,
        1.8711815099326932,
        1.869344753878457,
        1.8698532508344066,
        1.8699810225136426,
        1.8677266215791508,
        1.8693169379720882,
        1.8660820856386302,
        1.867573460754083,
        1.8672162574164721,
        1.8661186001738723,
        1.8658605874801169,
        1.8659671496371835,
        1.8645304429287812,
        1.8661130642404362,
        1.8655051844460624,
        1.8658406369540157,
        1.8644451073237829,
        1.8621350125390657,
        1.861319041981989,
        1.860497799454903,
        1.8621459883086535,
        1.8604455055022726,
        1.8582782015508534,
        1.8606367293669253,
        1.858608429529229,
        1.8595027035596419,
        1.8593479443569572,
        1.8586700753289827,
        1.8594942068567082,
        1.8555076414225053,
        1.8585810077433684,
        1.8570820008005415,
        1.8566675782203674,
        1.8570029930192598,
        1.856398078860069,
        1.855737563298673,
        1.8548315483696607,
        1.8532508453544305
    ],
    "acc": [
        27.899999618530273,
        31.779998779296875,
        33.47999954223633,
        33.82999801635742,
        34.07999801635742,
        34.14999771118164,
        33.62999725341797,
        34.63999938964844,
        35.540000915527344,
        34.27000045776367,
        34.84000015258789,
        35.29999923706055,
        35.5,
        35.959999084472656,
        36.14999771118164,
        34.66999816894531,
        34.959999084472656,
        35.11000061035156,
        35.66999816894531,
        35.93000030517578,
        35.36000061035156,
        35.939998626708984,
        36.279998779296875,
        36.61000061035156,
        36.36000061035156,
        36.62999725341797,
        36.47999954223633,
        37.029998779296875,
        36.540000915527344,
        37.59000015258789,
        37.349998474121094,
        36.75,
        36.89999771118164,
        37.62999725341797,
        38.04999923706055,
        37.939998626708984,
        37.540000915527344,
        37.64999771118164,
        38.84000015258789,
        38.13999938964844,
        38.16999816894531,
        37.96999740600586,
        38.09000015258789,
        38.34000015258789,
        38.54999923706055,
        37.30999755859375,
        38.779998779296875,
        38.0,
        39.12999725341797,
        38.40999984741211,
        39.02000045776367,
        39.39999771118164,
        38.59000015258789,
        39.16999816894531,
        39.72999954223633,
        39.16999816894531,
        39.52000045776367,
        39.27000045776367,
        38.849998474121094,
        39.22999954223633,
        40.06999969482422,
        39.25,
        39.47999954223633,
        39.87999725341797,
        40.20000076293945,
        40.66999816894531,
        39.86000061035156,
        39.71999740600586,
        40.22999954223633,
        40.37999725341797,
        40.25,
        40.59000015258789,
        40.46999740600586,
        40.77000045776367,
        40.06999969482422,
        40.96999740600586,
        40.15999984741211,
        41.119998931884766,
        40.39999771118164,
        41.29999923706055,
        41.11000061035156,
        40.779998779296875,
        40.75,
        41.05999755859375,
        41.09000015258789,
        40.54999923706055,
        40.86000061035156,
        40.39999771118164,
        41.15999984741211,
        41.0099983215332,
        41.459999084472656,
        41.16999816894531,
        40.81999969482422,
        42.07999801635742,
        41.68000030517578,
        41.41999816894531,
        41.06999969482422,
        41.64999771118164,
        41.95000076293945,
        41.439998626708984
    ]
}