{
    "exp_name": "fcn-L9-H512-sigmoid",
    "mode": "FCN",
    "num_layer": 9,
    "hidden_size": 512,
    "active_fn": "sigmoid",
    "num_layer_conv": 3,
    "hidden_size_conv": 5,
    "active_fn_conv": "sigmoid",
    "learning_rate": 0.001,
    "num_epochs": 100,
    "batch_size": 128,
    "loss": [
        2.3045673449630932,
        2.302740648884298,
        2.3026419984715063,
        2.3026140845949996,
        2.3026008349855234,
        2.3025993617904157,
        2.3025936025487796,
        2.302591514099589,
        2.302589607360723,
        2.302589053693025,
        2.3025881237995898,
        2.3025873329328452,
        2.3025869189016044,
        2.3025866341407952,
        2.3025861225469644,
        2.3025860066913886,
        2.3025858109564425,
        2.3025857810779,
        2.302585625587522,
        2.302585498756155,
        2.30258549631709,
        2.3025853792419824,
        2.3025853420462448,
        2.302585307289572,
        2.302585251800849,
        2.3025852658254715,
        2.3025852396055257,
        2.3025852103367486,
        2.3025851639945185,
        2.302585175580076,
        2.3025851389941048,
        2.302585126189015,
        2.302585135335508,
        2.302585143262468,
        2.3025851085057956,
        2.302585107896029,
        2.3025850371631513,
        2.3025850304557234,
        2.30258501338227,
        2.3025849926502198,
        2.302584951795885,
        2.302584940210328,
        2.3025849170392125,
        2.302584923746641,
        2.3025849036243566,
        2.302584884721605,
        2.302584884721605,
        2.302584884721605,
        2.302584885331371,
        2.302584884721605,
        2.302584884721605,
        2.302584884721605,
        2.302584884721605,
        2.302584884721605,
        2.302584884721605,
        2.302584884721605,
        2.302584884721605,
        2.302584884721605,
        2.302584884721605,
        2.302584884721605,
        2.302584884721605,
        2.302584884721605,
        2.302584884721605,
        2.302584884721605,
        2.302584884721605,
        2.302584884721605,
        2.302584884721605,
        2.302584884721605,
        2.302584884721605,
        2.302584884721605,
        2.302584884721605,
        2.302584884721605,
        2.302584884721605,
        2.302584884721605,
        2.302584884721605,
        2.302584884721605,
        2.302584884721605,
        2.302584884721605,
        2.302584884721605,
        2.302584884721605,
        2.302584884721605,
        2.302584884721605,
        2.302584884721605,
        2.302584884721605,
        2.302584884721605,
        2.302584884721605,
        2.302584884721605,
        2.302584884721605,
        2.302584884721605,
        2.302584884721605,
        2.302584884721605,
        2.302584884721605,
        2.302584884721605,
        2.302584884721605,
        2.302584884721605,
        2.302584884721605,
        2.302584884721605,
        2.302584884721605,
        2.302584884721605,
        2.302584884721605
    ],
    "acc": [
        10.0,
        10.0,
        10.0,
        10.0,
        10.0,
        10.0,
        10.0,
        10.0,
        10.0,
        10.0,
        10.0,
        10.0,
        10.0,
        10.0,
        10.0,
        10.0,
        10.0,
        10.0,
        10.0,
        10.0,
        10.0,
        10.0,
        10.0,
        10.0,
        10.0,
        10.0,
        10.0,
        10.0,
        10.0,
        10.0,
        10.0,
        10.0,
        10.0,
        10.0,
        10.0,
        10.0,
        10.0,
        10.0,
        10.0,
        10.0,
        10.0,
        10.0,
        10.0,
        10.0,
        10.0,
        10.0,
        10.0,
        10.0,
        10.0,
        10.0,
        10.0,
        10.0,
        10.0,
        10.0,
        10.0,
        10.0,
        10.0,
        10.0,
        10.0,
        10.0,
        10.0,
        10.0,
        10.0,
        10.0,
        10.0,
        10.0,
        10.0,
        10.0,
        10.0,
        10.0,
        10.0,
        10.0,
        10.0,
        10.0,
        10.0,
        10.0,
        10.0,
        10.0,
        10.0,
        10.0,
        10.0,
        10.0,
        10.0,
        10.0,
        10.0,
        10.0,
        10.0,
        10.0,
        10.0,
        10.0,
        10.0,
        10.0,
        10.0,
        10.0,
        10.0,
        10.0,
        10.0,
        10.0,
        10.0,
        10.0
    ]
}