{
    "exp_name": "fcn-L11-H512-tanh",
    "mode": "FCN",
    "num_layer": 11,
    "hidden_size": 512,
    "active_fn": "tanh",
    "num_layer_conv": 3,
    "hidden_size_conv": 5,
    "active_fn_conv": "sigmoid",
    "learning_rate": 0.001,
    "num_epochs": 100,
    "batch_size": 128,
    "loss": [
        2.0132131561293933,
        1.9391112647702933,
        1.9082649159614387,
        1.899397396370578,
        1.891191693218163,
        1.8820303263871565,
        1.8769410525441474,
        1.866644820898695,
        1.8639953435229524,
        1.8577418339526868,
        1.8626191375200705,
        1.8587611800874286,
        1.8529179236468147,
        1.8518872093361662,
        1.8460752576818247,
        1.8448690962608514,
        1.84427403367084,
        1.839885157392458,
        1.8396818592115436,
        1.8370394356110518,
        1.8386455627963365,
        1.835350947611777,
        1.830155406156769,
        1.8260712513838278,
        1.8298672148028907,
        1.8265366285963132,
        1.8291149709535681,
        1.822710812244269,
        1.825059175796216,
        1.8262916224082109,
        1.8194237599897263,
        1.818791127875638,
        1.8174182527205522,
        1.8182992496149009,
        1.8169376377559379,
        1.8139983214380797,
        1.8133363461555423,
        1.8132650919277649,
        1.813055819867517,
        1.815306365032635,
        1.8139220802375422,
        1.8125893222096632,
        1.8085633312039973,
        1.8099509474566526,
        1.806582179215863,
        1.8033353453097136,
        1.8047663549632977,
        1.8062212192798819,
        1.8013657017437088,
        1.800081785072756,
        1.7992196988571636,
        1.7971318265056366,
        1.8035505153334048,
        1.7971840752360155,
        1.7976408065737361,
        1.7985590879264695,
        1.7958659945851396,
        1.7967187474145914,
        1.7977439159017694,
        1.7977528876965614,
        1.795358879486923,
        1.7981668381434877,
        1.7941777925662068,
        1.796291878766111,
        1.7938881578957637,
        1.7898022851065907,
        1.7909628268702866,
        1.7865920646111373,
        1.7913613837698232,
        1.7914539228010056,
        1.7884763738383418,
        1.7873577092919508,
        1.7895702931582165,
        1.788583712504648,
        1.788966841100122,
        1.7907745993655662,
        1.785337956665117,
        1.7862573051086776,
        1.7852903787437302,
        1.7854238394886026,
        1.7874514096228362,
        1.7849265202841795,
        1.7820875370289053,
        1.7816342194671826,
        1.7796456505880331,
        1.7837481803601356,
        1.7843730291137305,
        1.777335524559021,
        1.779034930421873,
        1.778140602209379,
        1.7792350617820953,
        1.7809546134051155,
        1.7807977272726385,
        1.781098145962981,
        1.7807550442493176,
        1.7787670275134504,
        1.777925501699033,
        1.7788212274956277,
        1.7765085630099793,
        1.774765479900038
    ],
    "acc": [
        28.889999389648438,
        30.849998474121094,
        31.15999984741211,
        32.18000030517578,
        31.44999885559082,
        31.689998626708984,
        32.36000061035156,
        31.920000076293945,
        32.22999954223633,
        32.20000076293945,
        31.65999984741211,
        33.29999923706055,
        33.0099983215332,
        32.27000045776367,
        33.43000030517578,
        32.07999801635742,
        32.81999969482422,
        32.68000030517578,
        32.86000061035156,
        33.189998626708984,
        33.54999923706055,
        33.0099983215332,
        33.30999755859375,
        33.04999923706055,
        32.529998779296875,
        33.47999954223633,
        33.34000015258789,
        31.809999465942383,
        32.369998931884766,
        31.639999389648438,
        33.65999984741211,
        32.72999954223633,
        33.89999771118164,
        34.21999740600586,
        33.04999923706055,
        33.57999801635742,
        33.62999725341797,
        33.73999786376953,
        34.31999969482422,
        33.689998626708984,
        34.540000915527344,
        34.63999938964844,
        33.34000015258789,
        33.849998474121094,
        33.23999786376953,
        32.95000076293945,
        33.30999755859375,
        33.70000076293945,
        33.89999771118164,
        32.46999740600586,
        34.54999923706055,
        33.25,
        33.55999755859375,
        33.41999816894531,
        32.61000061035156,
        33.09000015258789,
        33.73999786376953,
        32.71999740600586,
        32.45000076293945,
        33.36000061035156,
        32.880001068115234,
        33.72999954223633,
        34.14999771118164,
        33.43000030517578,
        34.22999954223633,
        33.79999923706055,
        33.77000045776367,
        33.39999771118164,
        33.619998931884766,
        32.880001068115234,
        33.20000076293945,
        34.18000030517578,
        33.87999725341797,
        33.77000045776367,
        34.0099983215332,
        33.349998474121094,
        33.59000015258789,
        33.779998779296875,
        33.279998779296875,
        33.779998779296875,
        33.66999816894531,
        33.65999984741211,
        32.45000076293945,
        34.02000045776367,
        34.56999969482422,
        32.80999755859375,
        34.709999084472656,
        32.43000030517578,
        33.779998779296875,
        32.689998626708984,
        32.55999755859375,
        34.88999938964844,
        34.47999954223633,
        34.22999954223633,
        33.279998779296875,
        34.71999740600586,
        32.95000076293945,
        34.619998931884766,
        33.63999938964844,
        34.62999725341797
    ]
}