{
    "exp_name": "fcn-L11-H512-sigmoid",
    "mode": "FCN",
    "num_layer": 11,
    "hidden_size": 512,
    "active_fn": "sigmoid",
    "num_layer_conv": 3,
    "hidden_size_conv": 5,
    "active_fn_conv": "sigmoid",
    "learning_rate": 0.001,
    "num_epochs": 100,
    "batch_size": 128,
    "loss": [
        2.304618721422942,
        2.3028475622386884,
        2.302750436851131,
        2.302690570006895,
        2.302683464401518,
        2.302639134399726,
        2.302628958011832,
        2.302627725064602,
        2.302626312846113,
        2.3026222676572288,
        2.30261685110419,
        2.3026158285262945,
        2.302619170654765,
        2.302613504707356,
        2.3026183053965457,
        2.302612969332644,
        2.302613015674874,
        2.302614879120341,
        2.302616404145575,
        2.3026160699937046,
        2.302617479773129,
        2.302616326095503,
        2.302616574880107,
        2.3026148760715106,
        2.3026130626268704,
        2.302615912674028,
        2.3026095930572668,
        2.3026170620832906,
        2.302612411396583,
        2.302612023585288,
        2.3026173261120495,
        2.3026184273497834,
        2.3026146217990107,
        2.3026163699986686,
        2.302615007781007,
        2.3026158230383986,
        2.302614037033237,
        2.3026159108447297,
        2.3026166090270137,
        2.3026180596607726,
        2.302614852290629,
        2.3026165273183445,
        2.302617030375449,
        2.3026184645455205,
        2.3026126620104854,
        2.302614398624586,
        2.302615719987913,
        2.302618146247571,
        2.302613727272014,
        2.3026168535432547,
        2.3026143541116544,
        2.3026145041141364,
        2.3026141699622658,
        2.3026164047553412,
        2.3026139656905933,
        2.302611496137536,
        2.3026160443835244,
        2.3026159138935607,
        2.302613485804604,
        2.3026117095557015,
        2.302613696783705,
        2.3026156462062044,
        2.3026156059616363,
        2.302612822378993,
        2.302615621815557,
        2.3026143644776798,
        2.302612594936205,
        2.302616865128812,
        2.302610260141475,
        2.3026182523468877,
        2.3026154346173375,
        2.3026157309637045,
        2.3026168754948375,
        2.302614943755557,
        2.3026153175422297,
        2.302614473625827,
        2.302612093708399,
        2.3026166700036326,
        2.302615399860665,
        2.3026163437787224,
        2.3026146126525178,
        2.302616717565395,
        2.3026147718014927,
        2.3026126132291904,
        2.302615171808111,
        2.302616763297859,
        2.3026132418981295,
        2.30261923224115,
        2.3026159242595856,
        2.3026137736142442,
        2.302611538821169,
        2.302618138930377,
        2.3026187175984885,
        2.302613042504586,
        2.3026146638728773,
        2.302612285784748,
        2.3026120973669966,
        2.3026130132358094,
        2.302614933389532,
        2.3026119211445684
    ],
    "acc": [
        10.0,
        10.0,
        10.0,
        10.0,
        10.0,
        10.0,
        10.0,
        10.0,
        10.0,
        10.0,
        10.0,
        10.0,
        10.0,
        10.0,
        10.0,
        10.0,
        10.0,
        10.0,
        10.0,
        10.0,
        10.0,
        10.0,
        10.0,
        10.0,
        10.0,
        10.0,
        10.0,
        10.0,
        10.0,
        10.0,
        10.0,
        10.0,
        10.0,
        10.0,
        10.0,
        10.0,
        10.0,
        10.0,
        10.0,
        10.0,
        10.0,
        10.0,
        10.0,
        10.0,
        10.0,
        10.0,
        10.0,
        10.0,
        10.0,
        10.0,
        10.0,
        10.0,
        10.0,
        10.0,
        10.0,
        10.0,
        10.0,
        10.0,
        10.0,
        10.0,
        10.0,
        10.0,
        10.0,
        10.0,
        10.0,
        10.0,
        10.0,
        10.0,
        10.0,
        10.0,
        10.0,
        10.0,
        10.0,
        10.0,
        10.0,
        10.0,
        10.0,
        10.0,
        10.0,
        10.0,
        10.0,
        10.0,
        10.0,
        10.0,
        10.0,
        10.0,
        10.0,
        10.0,
        10.0,
        10.0,
        10.0,
        10.0,
        10.0,
        10.0,
        10.0,
        10.0,
        10.0,
        10.0,
        10.0,
        10.0
    ]
}