{
    "exp_name": "fcn-L3-H512-sigmoid",
    "mode": "FCN",
    "num_layer": 3,
    "hidden_size": 512,
    "active_fn": "sigmoid",
    "num_layer_conv": 3,
    "hidden_size_conv": 5,
    "active_fn_conv": "sigmoid",
    "learning_rate": 0.001,
    "num_epochs": 100,
    "batch_size": 128,
    "loss": [
        2.0819069445895417,
        2.016823159154419,
        1.998549709539584,
        1.9849643359708664,
        1.9784421445158742,
        1.9712835028958138,
        1.9678691967064157,
        1.963979907048023,
        1.9589125161890484,
        1.955303424459589,
        1.9510629869178129,
        1.9490369302232553,
        1.9461571267803612,
        1.9423598264489332,
        1.940815219184017,
        1.938158021253698,
        1.937247663202798,
        1.9335259385121144,
        1.9336985791735637,
        1.9313772913744993,
        1.9284075495532103,
        1.9271013404402282,
        1.926439766688725,
        1.9261718262796816,
        1.9244122599701747,
        1.9219519399925875,
        1.919185460985774,
        1.919267819360699,
        1.917623493982398,
        1.917056999548012,
        1.915268118424184,
        1.9132933857495829,
        1.9126984493811723,
        1.911738721915828,
        1.912022153129968,
        1.9118291215823435,
        1.9089737606170538,
        1.907723444502067,
        1.9078766543542027,
        1.9058016419715589,
        1.9061638177813167,
        1.9053109426937445,
        1.9044977283233877,
        1.9051188761011109,
        1.9014699913351738,
        1.9019169401939569,
        1.9002663311750994,
        1.899384086394249,
        1.9030212017581285,
        1.898785639297017,
        1.898306229230388,
        1.8971236578338897,
        1.89577565107809,
        1.8981374002173734,
        1.897952891066861,
        1.895416364035643,
        1.8951880532457395,
        1.895474910431201,
        1.8926990678548203,
        1.89231540053092,
        1.8896735665743307,
        1.8916277763483775,
        1.890648502218144,
        1.8907620156817424,
        1.8903086587901006,
        1.887418743289645,
        1.8893738613104272,
        1.8898786602117825,
        1.8867432135145377,
        1.8862011728384305,
        1.887384566199749,
        1.8872476404585192,
        1.8855461525490216,
        1.8844549253468623,
        1.8833479902628438,
        1.884707192935602,
        1.88313834411104,
        1.884357263060177,
        1.8825300813026136,
        1.882360401665768,
        1.8807500253248093,
        1.8797507353146057,
        1.881379110428988,
        1.8814747827437224,
        1.88058978212459,
        1.8786094368571211,
        1.8802979593081852,
        1.8782100668343742,
        1.876491610656309,
        1.8787471961487285,
        1.8781329399484503,
        1.878972076089181,
        1.877241399891846,
        1.877375334729929,
        1.8769317136701111,
        1.8774002128854737,
        1.8751816124562413,
        1.8750159981305643,
        1.8752931694850288,
        1.8748375015795384
    ],
    "acc": [
        31.31999969482422,
        32.59000015258789,
        33.82999801635742,
        33.87999725341797,
        34.619998931884766,
        34.189998626708984,
        33.439998626708984,
        35.89999771118164,
        36.18000030517578,
        37.09000015258789,
        36.099998474121094,
        36.68000030517578,
        37.55999755859375,
        36.63999938964844,
        38.0,
        37.52000045776367,
        38.02000045776367,
        37.64999771118164,
        38.5,
        37.30999755859375,
        39.119998931884766,
        38.79999923706055,
        38.32999801635742,
        39.07999801635742,
        38.91999816894531,
        38.59000015258789,
        38.790000915527344,
        38.7599983215332,
        38.040000915527344,
        38.619998931884766,
        39.22999954223633,
        39.73999786376953,
        39.0099983215332,
        40.2599983215332,
        39.90999984741211,
        40.0,
        40.57999801635742,
        40.87999725341797,
        41.04999923706055,
        40.689998626708984,
        40.099998474121094,
        40.37999725341797,
        40.29999923706055,
        40.709999084472656,
        41.29999923706055,
        40.93000030517578,
        41.459999084472656,
        41.02000045776367,
        41.0,
        41.34000015258789,
        42.32999801635742,
        42.36000061035156,
        42.849998474121094,
        41.81999969482422,
        42.14999771118164,
        41.97999954223633,
        41.959999084472656,
        42.21999740600586,
        41.95000076293945,
        42.48999786376953,
        42.869998931884766,
        42.53999710083008,
        42.36000061035156,
        41.91999816894531,
        42.64999771118164,
        42.38999938964844,
        42.63999938964844,
        43.11000061035156,
        42.61000061035156,
        42.63999938964844,
        42.89999771118164,
        43.40999984741211,
        42.31999969482422,
        42.439998626708984,
        42.93000030517578,
        42.18000030517578,
        42.849998474121094,
        43.2599983215332,
        42.90999984741211,
        43.02000045776367,
        43.82999801635742,
        42.459999084472656,
        43.32999801635742,
        43.95000076293945,
        43.5099983215332,
        43.36000061035156,
        42.88999938964844,
        43.77000045776367,
        43.779998779296875,
        43.95000076293945,
        43.31999969482422,
        43.18000030517578,
        42.64999771118164,
        43.54999923706055,
        43.459999084472656,
        43.98999786376953,
        44.119998931884766,
        43.869998931884766,
        44.09000015258789,
        43.86000061035156
    ]
}