{
    "exp_name": "fcn-L9-H512-relu",
    "mode": "FCN",
    "num_layer": 9,
    "hidden_size": 512,
    "active_fn": "relu",
    "num_layer_conv": 3,
    "hidden_size_conv": 5,
    "active_fn_conv": "sigmoid",
    "learning_rate": 0.001,
    "num_epochs": 100,
    "batch_size": 128,
    "loss": [
        2.223145820295719,
        2.19330058988098,
        2.1812684926230586,
        2.1706456985619975,
        2.163385102206179,
        2.1578805477113066,
        2.1514957932864918,
        2.147800951967459,
        2.1450250965859885,
        2.141187048934,
        2.1377653975011137,
        2.1368748913030795,
        2.1327191130889345,
        2.1320410622355275,
        2.1280509663359894,
        2.1276246742214386,
        2.1250375088523414,
        2.1250469870579516,
        2.1236535518065742,
        2.1195804395943956,
        2.1188370044274096,
        2.1170776311089012,
        2.115991492405572,
        2.115607979352517,
        2.113892730239712,
        2.11185162451566,
        2.1115795373916626,
        2.109133396612104,
        2.1091140715972236,
        2.1078791532979904,
        2.106359687912495,
        2.104320438011833,
        2.1041989643555468,
        2.1012363147247783,
        2.102135161914484,
        2.102048736703975,
        2.0998364964409557,
        2.0990937182970364,
        2.0982323698985303,
        2.095832611593749,
        2.095769355973929,
        2.0955097650932837,
        2.093686284616475,
        2.0930232132792166,
        2.093878306696177,
        2.0918959629200304,
        2.0891695300026623,
        2.0896401926684565,
        2.091552917304856,
        2.087554376448512,
        2.0900098750048586,
        2.0881281432593264,
        2.087640140367591,
        2.08716865604186,
        2.0856226289363775,
        2.0844297896870567,
        2.083288837271883,
        2.0841421498666945,
        2.083787544913914,
        2.0817368481775076,
        2.078827654614168,
        2.0800066213778523,
        2.0777063171576966,
        2.0793465205165735,
        2.079120961601472,
        2.0777637348760423,
        2.076393877453816,
        2.0774078119136488,
        2.0763583229021036,
        2.073978210349217,
        2.0765512773143056,
        2.074867789092881,
        2.073642933460148,
        2.073458572482819,
        2.072499559663446,
        2.0748011087212723,
        2.0739387225007158,
        2.0714574573594895,
        2.0731719759724023,
        2.0403259696862888,
        1.98437025449465,
        1.976819014610232,
        1.9740463355008293,
        1.9681334882745962,
        1.9661724088746872,
        1.9640846959770184,
        1.9622061837969533,
        1.9569541414070617,
        1.957473994520924,
        1.956138308700698,
        1.9526967859024282,
        1.9537570918612468,
        1.9515605844805002,
        1.9501962838575357,
        1.9496112220427568,
        1.9487266845410438,
        1.9467982852550418,
        1.9464240504042876,
        1.9439037074823209,
        1.9443354042594696
    ],
    "acc": [
        16.93000030517578,
        17.059999465942383,
        17.84000015258789,
        18.729999542236328,
        18.420000076293945,
        19.189998626708984,
        19.03999900817871,
        18.920000076293945,
        19.189998626708984,
        18.59000015258789,
        19.60999870300293,
        18.65999984741211,
        18.670000076293945,
        19.559999465942383,
        19.53999900817871,
        19.81999969482422,
        19.399999618530273,
        19.389999389648438,
        19.43000030517578,
        18.939998626708984,
        19.459999084472656,
        19.09000015258789,
        19.510000228881836,
        19.059999465942383,
        19.299999237060547,
        19.559999465942383,
        19.15999984741211,
        19.75,
        19.939998626708984,
        19.75,
        19.15999984741211,
        19.239999771118164,
        19.719999313354492,
        19.59000015258789,
        19.260000228881836,
        19.779998779296875,
        19.520000457763672,
        19.559999465942383,
        19.559999465942383,
        20.139999389648438,
        19.81999969482422,
        20.299999237060547,
        19.389999389648438,
        19.649999618530273,
        20.43000030517578,
        19.670000076293945,
        20.170000076293945,
        19.469999313354492,
        19.969999313354492,
        20.139999389648438,
        19.600000381469727,
        19.3799991607666,
        19.959999084472656,
        20.369998931884766,
        19.989999771118164,
        19.829999923706055,
        20.119998931884766,
        20.189998626708984,
        19.889999389648438,
        20.209999084472656,
        19.85999870300293,
        20.15999984741211,
        19.989999771118164,
        19.93000030517578,
        20.119998931884766,
        20.18000030517578,
        20.029998779296875,
        19.94999885559082,
        20.3799991607666,
        20.01999855041504,
        20.329999923706055,
        20.239999771118164,
        20.079999923706055,
        20.369998931884766,
        20.079999923706055,
        20.439998626708984,
        19.899999618530273,
        19.44999885559082,
        20.139999389648438,
        24.959999084472656,
        25.299999237060547,
        24.6299991607666,
        26.059999465942383,
        25.43000030517578,
        25.579999923706055,
        25.529998779296875,
        25.969999313354492,
        26.0,
        25.939998626708984,
        25.94999885559082,
        25.779998779296875,
        26.09000015258789,
        25.889999389648438,
        25.60999870300293,
        25.6299991607666,
        26.010000228881836,
        26.0,
        25.989999771118164,
        26.469999313354492,
        25.849998474121094
    ]
}