{
    "exp_name": "fcn-L11-H512-relu",
    "mode": "FCN",
    "num_layer": 11,
    "hidden_size": 512,
    "active_fn": "relu",
    "num_layer_conv": 3,
    "hidden_size_conv": 5,
    "active_fn_conv": "sigmoid",
    "learning_rate": 0.001,
    "num_epochs": 100,
    "batch_size": 128,
    "loss": [
        2.2606301911346747,
        2.1637127929941165,
        2.144429202579781,
        2.1349204617083224,
        2.125273869165679,
        2.121085084612717,
        2.1142021701159073,
        2.110851539980115,
        2.106834539062227,
        2.1016764146897495,
        2.099279601250768,
        2.097636038080201,
        2.094599502470792,
        2.0913576146830684,
        2.090291905281184,
        2.08796426951123,
        2.087350166972031,
        2.0828381008504295,
        2.081900371005163,
        2.082505516688842,
        2.0789126240079057,
        2.0768771799628998,
        2.076836298798661,
        2.0781163986381666,
        2.0752602016834345,
        2.0728849303691894,
        2.072262109393049,
        2.0701311485236866,
        2.070212959938342,
        2.069298658834394,
        2.06667966885335,
        2.066253160271803,
        2.06648245004132,
        2.0674479330897024,
        2.0637491310344025,
        2.06486130827833,
        2.0626525141089163,
        2.0624852860370257,
        2.0612231489947384,
        2.0586934519545808,
        2.0575299351416585,
        2.0599185313715043,
        2.056062911782423,
        2.0576122224788227,
        2.0552755926576114,
        2.0558004046949887,
        2.0536090190453296,
        2.053620095143233,
        2.0545879425600058,
        2.0527411760271663,
        2.0513286307034897,
        2.0522545170601068,
        2.0500572368007184,
        2.0507654046158654,
        2.0518791608493347,
        2.04821532431161,
        2.048771309730647,
        2.0500221133537,
        2.0464874423678268,
        2.046854971619823,
        2.0468883740017785,
        2.0431178853944743,
        2.0461997241925096,
        2.043492809585903,
        2.0428848245259745,
        2.0434388736324847,
        2.043331983449209,
        2.0431830748877564,
        2.0429325131199243,
        2.0405170627872047,
        2.039664561486305,
        2.041301385520974,
        2.038166574200096,
        2.0387185638213094,
        2.0370442327635976,
        2.037860525233666,
        2.039085797336705,
        2.039307269903705,
        2.039001552650081,
        2.0355130113909006,
        2.0371041066201445,
        2.0351813979770825,
        2.038020817824947,
        2.036177100123042,
        2.033055921954572,
        2.032434003127505,
        2.033017267046682,
        2.0342051043839713,
        2.033503943696961,
        2.0329695336349176,
        2.033006166863015,
        2.031088345495941,
        2.032307668415177,
        2.0312046919332443,
        2.0306328007632204,
        2.0290148331381173,
        2.0298664664368493,
        2.0290211027540512,
        2.0296695808620404,
        2.0291152747390826
    ],
    "acc": [
        16.760000228881836,
        19.969999313354492,
        19.719999313354492,
        21.06999969482422,
        19.689998626708984,
        20.639999389648438,
        21.3799991607666,
        20.579999923706055,
        20.459999084472656,
        21.149999618530273,
        21.239999771118164,
        21.119998931884766,
        21.219999313354492,
        21.59000015258789,
        21.399999618530273,
        21.93000030517578,
        21.09000015258789,
        21.09000015258789,
        21.76999855041504,
        21.529998779296875,
        20.889999389648438,
        21.709999084472656,
        21.850000381469727,
        20.60999870300293,
        21.59000015258789,
        22.06999969482422,
        21.799999237060547,
        21.5,
        21.469999313354492,
        21.25,
        21.43000030517578,
        22.10999870300293,
        21.959999084472656,
        21.369998931884766,
        21.739999771118164,
        22.010000228881836,
        21.799999237060547,
        21.31999969482422,
        21.420000076293945,
        22.229999542236328,
        22.049999237060547,
        22.329999923706055,
        21.939998626708984,
        21.90999984741211,
        22.079999923706055,
        21.56999969482422,
        22.09000015258789,
        21.369998931884766,
        22.15999984741211,
        22.0,
        21.739999771118164,
        21.84000015258789,
        22.239999771118164,
        22.510000228881836,
        22.459999084472656,
        22.03999900817871,
        22.06999969482422,
        22.3799991607666,
        22.329999923706055,
        22.56999969482422,
        22.299999237060547,
        22.079999923706055,
        22.53999900817871,
        22.53999900817871,
        22.189998626708984,
        22.5,
        22.100000381469727,
        22.219999313354492,
        22.35999870300293,
        22.479999542236328,
        22.40999984741211,
        22.139999389648438,
        22.26999855041504,
        22.26999855041504,
        22.209999084472656,
        22.059999465942383,
        22.209999084472656,
        22.529998779296875,
        21.709999084472656,
        22.149999618530273,
        22.1299991607666,
        22.649999618530273,
        22.639999389648438,
        22.35999870300293,
        22.19999885559082,
        22.389999389648438,
        22.510000228881836,
        22.139999389648438,
        22.329999923706055,
        22.079999923706055,
        22.65999984741211,
        22.170000076293945,
        21.69999885559082,
        22.170000076293945,
        22.559999465942383,
        22.19999885559082,
        22.529998779296875,
        22.5,
        22.18000030517578,
        22.18000030517578
    ]
}