{
    "exp_name": "fcn-L5-H512-tanh",
    "mode": "FCN",
    "num_layer": 5,
    "hidden_size": 512,
    "active_fn": "tanh",
    "num_layer_conv": 3,
    "hidden_size_conv": 5,
    "active_fn_conv": "sigmoid",
    "learning_rate": 0.001,
    "num_epochs": 100,
    "batch_size": 128,
    "loss": [
        1.9729821242944663,
        1.910305957964924,
        1.8889974248988548,
        1.8781551695845622,
        1.86661322708325,
        1.8528731329666683,
        1.8453095907445454,
        1.833999153293307,
        1.826084076291155,
        1.8219864700761292,
        1.813789784755853,
        1.8042794133696105,
        1.8026183047867796,
        1.7976231331105732,
        1.793195983333051,
        1.7832299031869834,
        1.7802636022762874,
        1.7769730761837776,
        1.7744819066103767,
        1.7665841573339593,
        1.7658921397860399,
        1.764390787810011,
        1.756094647185577,
        1.7540778610712426,
        1.7527290655828802,
        1.7514033970015739,
        1.7516866391881958,
        1.7465825373559352,
        1.7490689565458566,
        1.7433447157940292,
        1.7402205814790848,
        1.739141391061456,
        1.7405714171621807,
        1.7378501953066463,
        1.732771132913087,
        1.7336415613398832,
        1.7362270699742506,
        1.7308492739792065,
        1.7320305401711817,
        1.730835424664685,
        1.7297038876492044,
        1.7290030397722482,
        1.730646046836053,
        1.723388302966457,
        1.7256765716216143,
        1.7227520412191406,
        1.721980405280657,
        1.7191103452916645,
        1.722253487543072,
        1.7214341813036242,
        1.718805072862474,
        1.71642654143331,
        1.7161784086690839,
        1.7175121203712795,
        1.7159697384480626,
        1.71685496132697,
        1.7154432141872318,
        1.7146465696032396,
        1.713209757109737,
        1.7112040778864985,
        1.7076019688945292,
        1.7090712947308864,
        1.7100637815797421,
        1.707531817124018,
        1.7097395676786027,
        1.709482557633344,
        1.7069377158304004,
        1.7048750411519005,
        1.703205731213855,
        1.7053204668147484,
        1.7041121029183077,
        1.704658736048452,
        1.7010676851662834,
        1.6997579287385087,
        1.6980734084878126,
        1.696862201251642,
        1.6957984671873205,
        1.6937122787051189,
        1.696791006171185,
        1.6997793763494857,
        1.6980735417217245,
        1.7018726064116143,
        1.699596669667822,
        1.6976203247714226,
        1.6940348880065372,
        1.6943689947542937,
        1.695661610959436,
        1.6912564200818385,
        1.695123494738508,
        1.6967353613480278,
        1.6960408102216014,
        1.69818835978008,
        1.6970167760653874,
        1.6932404544347388,
        1.6944126527937478,
        1.6922052412691628,
        1.6894662834494316,
        1.6895627701069083,
        1.6880776641313986,
        1.69453911403256
    ],
    "acc": [
        31.619998931884766,
        32.959999084472656,
        33.27000045776367,
        32.349998474121094,
        32.71999740600586,
        33.55999755859375,
        34.0,
        35.290000915527344,
        35.349998474121094,
        35.599998474121094,
        35.98999786376953,
        36.32999801635742,
        36.40999984741211,
        37.06999969482422,
        37.11000061035156,
        37.12999725341797,
        36.959999084472656,
        37.04999923706055,
        37.20000076293945,
        37.959999084472656,
        37.70000076293945,
        38.71999740600586,
        38.869998931884766,
        39.02000045776367,
        40.22999954223633,
        39.12999725341797,
        39.28999710083008,
        39.20000076293945,
        39.80999755859375,
        39.38999938964844,
        40.41999816894531,
        39.13999938964844,
        40.34000015258789,
        39.28999710083008,
        39.45000076293945,
        40.27000045776367,
        39.599998474121094,
        40.81999969482422,
        40.79999923706055,
        40.84000015258789,
        40.64999771118164,
        41.05999755859375,
        40.439998626708984,
        40.73999786376953,
        40.209999084472656,
        40.25,
        40.95000076293945,
        41.02000045776367,
        41.18000030517578,
        40.619998931884766,
        40.81999969482422,
        41.14999771118164,
        41.189998626708984,
        41.80999755859375,
        41.27000045776367,
        41.349998474121094,
        41.63999938964844,
        40.66999816894531,
        41.279998779296875,
        41.25,
        40.53999710083008,
        41.11000061035156,
        42.04999923706055,
        41.41999816894531,
        41.73999786376953,
        41.68000030517578,
        41.5099983215332,
        41.90999984741211,
        42.18000030517578,
        42.07999801635742,
        41.98999786376953,
        41.7599983215332,
        42.0,
        42.61000061035156,
        41.97999954223633,
        42.2599983215332,
        42.03999710083008,
        41.77000045776367,
        42.30999755859375,
        41.93000030517578,
        41.28999710083008,
        42.369998931884766,
        42.02000045776367,
        41.63999938964844,
        41.95000076293945,
        42.52000045776367,
        42.23999786376953,
        42.46999740600586,
        42.39999771118164,
        42.41999816894531,
        42.68000030517578,
        43.29999923706055,
        42.39999771118164,
        42.43000030517578,
        42.209999084472656,
        42.68000030517578,
        42.47999954223633,
        42.22999954223633,
        42.84000015258789,
        42.849998474121094
    ]
}