{
    "exp_name": "fcn-L5-H512-relu",
    "mode": "FCN",
    "num_layer": 5,
    "hidden_size": 512,
    "active_fn": "relu",
    "num_layer_conv": 3,
    "hidden_size_conv": 5,
    "active_fn_conv": "sigmoid",
    "learning_rate": 0.001,
    "num_epochs": 100,
    "batch_size": 128,
    "loss": [
        1.9888989580866625,
        1.7881109738898704,
        1.7165143843502035,
        1.6735505585170463,
        1.6429994438615296,
        1.6152635861540694,
        1.6047283697616108,
        1.5839020571745266,
        1.5735433738859719,
        1.56094002540764,
        1.5490946227022449,
        1.541948999285393,
        1.5322861942793706,
        1.5260062973822475,
        1.5194077077119246,
        1.510192081751421,
        1.4995168276759974,
        1.496857479100337,
        1.4908020206729469,
        1.484093000211984,
        1.4805024981193835,
        1.4752545253090237,
        1.4704781417041788,
        1.464883409497683,
        1.460322604764758,
        1.4543707431734676,
        1.4499346048325834,
        1.447865321508149,
        1.4450587988509547,
        1.4412448500733241,
        1.4414394709765148,
        1.4347583241474904,
        1.4333105584239716,
        1.430762366565597,
        1.4266837179813239,
        1.4241339870730934,
        1.4240622447274836,
        1.412330398474203,
        1.41604076779407,
        1.4117988857161967,
        1.4051569816096665,
        1.4067026980392767,
        1.406355120641801,
        1.4029485481169524,
        1.3979705459321552,
        1.4001335091603078,
        1.3959544973300242,
        1.3963497157596871,
        1.393262003388856,
        1.381987250674411,
        1.3849028961737748,
        1.3824696202412285,
        1.3827519596690108,
        1.3765860823414209,
        1.3792669154189128,
        1.3766191618521806,
        1.3766215079275848,
        1.3742342223901578,
        1.368417938651941,
        1.3702551864297188,
        1.3689539036177614,
        1.3618684089397226,
        1.362062862766978,
        1.3645354792894915,
        1.3622077993114892,
        1.3600683675702576,
        1.356345387370995,
        1.3529247304667598,
        1.356387331205256,
        1.3533255282570333,
        1.353296359786597,
        1.3512836807524151,
        1.3482456935945983,
        1.3469055482493641,
        1.3442832353474843,
        1.3398907221186802,
        1.3442976320796,
        1.3326535365160774,
        1.3375914782819236,
        1.331867804917533,
        1.3383861978340637,
        1.3334538887833696,
        1.338862083757015,
        1.3330841622389187,
        1.3326015008989807,
        1.3289352231623266,
        1.3294578299802893,
        1.325866777573705,
        1.327895438274764,
        1.328381537781347,
        1.3223739030111172,
        1.327111931713036,
        1.3167684066021228,
        1.3189388812350495,
        1.3133618063329127,
        1.3188435955120779,
        1.3165400631897284,
        1.3179881270889127,
        1.3148067756686979,
        1.3125407076857585
    ],
    "acc": [
        35.52000045776367,
        39.02000045776367,
        40.599998474121094,
        42.21999740600586,
        42.62999725341797,
        43.78999710083008,
        44.59000015258789,
        43.80999755859375,
        44.66999816894531,
        45.55999755859375,
        43.95000076293945,
        45.06999969482422,
        45.09000015258789,
        45.849998474121094,
        45.40999984741211,
        45.78999710083008,
        44.63999938964844,
        45.7599983215332,
        46.39999771118164,
        45.53999710083008,
        46.79999923706055,
        46.13999938964844,
        46.86000061035156,
        46.709999084472656,
        48.25,
        47.189998626708984,
        47.44999694824219,
        47.41999816894531,
        47.68000030517578,
        46.84000015258789,
        47.439998626708984,
        48.05999755859375,
        47.81999969482422,
        47.94999694824219,
        47.619998931884766,
        47.369998931884766,
        48.02000045776367,
        47.119998931884766,
        48.0,
        47.77000045776367,
        47.39999771118164,
        48.56999969482422,
        48.62999725341797,
        48.73999786376953,
        48.23999786376953,
        48.459999084472656,
        48.0099983215332,
        47.709999084472656,
        48.57999801635742,
        48.94999694824219,
        48.5,
        48.31999969482422,
        48.46999740600586,
        48.57999801635742,
        49.13999938964844,
        48.96999740600586,
        48.459999084472656,
        49.43000030517578,
        48.36000061035156,
        47.54999923706055,
        48.89999771118164,
        49.349998474121094,
        48.939998626708984,
        49.16999816894531,
        49.279998779296875,
        48.43000030517578,
        48.38999938964844,
        48.43000030517578,
        49.16999816894531,
        48.27000045776367,
        48.73999786376953,
        48.62999725341797,
        48.61000061035156,
        49.279998779296875,
        48.97999954223633,
        49.029998779296875,
        48.81999969482422,
        49.18000030517578,
        49.54999923706055,
        48.78999710083008,
        48.98999786376953,
        48.80999755859375,
        48.02000045776367,
        49.119998931884766,
        50.0099983215332,
        48.63999938964844,
        48.88999938964844,
        49.78999710083008,
        49.689998626708984,
        49.939998626708984,
        49.21999740600586,
        49.38999938964844,
        49.55999755859375,
        49.23999786376953,
        49.439998626708984,
        49.82999801635742,
        49.25,
        49.78999710083008,
        49.029998779296875,
        49.029998779296875
    ]
}