{
    "exp_name": "fcn-L9-H512-tanh",
    "mode": "FCN",
    "num_layer": 9,
    "hidden_size": 512,
    "active_fn": "tanh",
    "num_layer_conv": 3,
    "hidden_size_conv": 5,
    "active_fn_conv": "sigmoid",
    "learning_rate": 0.001,
    "num_epochs": 100,
    "batch_size": 128,
    "loss": [
        1.9809812843952033,
        1.9110967030610575,
        1.897783444055816,
        1.8859325342471032,
        1.8774960775814398,
        1.8692517667780142,
        1.8651459619517217,
        1.8586383173837686,
        1.8534787621949336,
        1.8512700561367337,
        1.8482630591258369,
        1.8465109325735771,
        1.8420473026192707,
        1.8400184156949564,
        1.8370713318705254,
        1.8373574603853933,
        1.8336018089138333,
        1.8343914966753987,
        1.828168635173222,
        1.8292689500257486,
        1.8277672087140096,
        1.8264209617434255,
        1.8251185194610635,
        1.81961344940888,
        1.8193316057210078,
        1.8159416642640254,
        1.8132502401576323,
        1.8141462641298924,
        1.8084106143478238,
        1.8069171067089072,
        1.8083799065226485,
        1.807043350870957,
        1.8036073488957436,
        1.8010867215178508,
        1.797588975228312,
        1.7995953065964876,
        1.7968160173167353,
        1.7970179612069483,
        1.794681361569163,
        1.7910843953452147,
        1.7882762400390546,
        1.7884694786022997,
        1.7869619350604085,
        1.7835373722988626,
        1.7844991720545933,
        1.782473820859514,
        1.777666838272758,
        1.7789045468620632,
        1.77831784660554,
        1.778292015995211,
        1.7756946263715738,
        1.7712669076821994,
        1.7716882814226858,
        1.7700580248747335,
        1.7665380373635255,
        1.773435341122815,
        1.7669373656172886,
        1.7657621864162747,
        1.7618334351293266,
        1.7632713281285122,
        1.7604969011243348,
        1.7615434647825978,
        1.7603798860784077,
        1.75889599353761,
        1.7573473776697808,
        1.755344819839653,
        1.7557339232291103,
        1.753807104457065,
        1.7530573893081196,
        1.751868740981802,
        1.7494256566552555,
        1.750376676964333,
        1.7513181074805881,
        1.7479888920283988,
        1.7440393275921913,
        1.7436839348214972,
        1.7448813857324899,
        1.7462328111424166,
        1.745005263696851,
        1.7418177496746678,
        1.7447283048459026,
        1.7391146515946254,
        1.738640983696179,
        1.7396180263870513,
        1.739092309151769,
        1.7414354778006864,
        1.741143020522564,
        1.7393120621781215,
        1.7382065499835002,
        1.7359092058732992,
        1.7303698663516422,
        1.7314478113218341,
        1.732485851363453,
        1.734201183099576,
        1.73365682744614,
        1.7302998822668325,
        1.7280936792988302,
        1.7292579006965814,
        1.726539809685534,
        1.7255802224664127
    ],
    "acc": [
        30.889999389648438,
        32.27000045776367,
        33.11000061035156,
        33.06999969482422,
        32.72999954223633,
        31.959999084472656,
        32.31999969482422,
        32.29999923706055,
        32.48999786376953,
        32.61000061035156,
        31.85999870300293,
        32.88999938964844,
        33.37999725341797,
        33.91999816894531,
        32.66999816894531,
        33.65999984741211,
        33.46999740600586,
        34.04999923706055,
        33.52000045776367,
        33.38999938964844,
        34.29999923706055,
        33.95000076293945,
        33.96999740600586,
        34.66999816894531,
        35.21999740600586,
        33.36000061035156,
        35.06999969482422,
        34.02000045776367,
        34.38999938964844,
        33.959999084472656,
        33.86000061035156,
        34.41999816894531,
        33.599998474121094,
        33.11000061035156,
        33.81999969482422,
        33.80999755859375,
        34.18000030517578,
        35.21999740600586,
        35.52000045776367,
        34.07999801635742,
        34.939998626708984,
        34.96999740600586,
        35.189998626708984,
        34.779998779296875,
        35.040000915527344,
        35.71999740600586,
        35.18000030517578,
        35.66999816894531,
        35.70000076293945,
        35.88999938964844,
        35.40999984741211,
        35.55999755859375,
        35.16999816894531,
        35.31999969482422,
        35.66999816894531,
        35.689998626708984,
        35.55999755859375,
        34.32999801635742,
        36.05999755859375,
        35.73999786376953,
        35.81999969482422,
        35.87999725341797,
        36.20000076293945,
        35.779998779296875,
        36.34000015258789,
        36.75,
        36.790000915527344,
        35.959999084472656,
        36.47999954223633,
        36.07999801635742,
        36.31999969482422,
        36.599998474121094,
        36.459999084472656,
        36.779998779296875,
        36.64999771118164,
        37.04999923706055,
        36.91999816894531,
        36.369998931884766,
        36.77000045776367,
        37.05999755859375,
        37.279998779296875,
        36.73999786376953,
        37.20000076293945,
        37.0099983215332,
        36.73999786376953,
        36.439998626708984,
        36.349998474121094,
        37.40999984741211,
        37.290000915527344,
        36.81999969482422,
        38.189998626708984,
        38.47999954223633,
        37.41999816894531,
        37.80999755859375,
        37.77000045776367,
        38.55999755859375,
        37.71999740600586,
        37.349998474121094,
        37.98999786376953,
        37.79999923706055
    ]
}